Item_Identifier,Outlet_Identifier,Item_Outlet_Sales
1114,9,1171.8279
1078,2,1275.4047
1420,0,968.35706
817,2,2543.8396
1197,5,6740.403
465,8,1777.3687
610,3,575.00995
268,5,2246.3997
674,7,885.649
172,2,2510.1794
952,2,1912.3073
815,7,1523.7465
1292,4,836.36395
975,9,2182.0186
120,1,798.13104
632,9,2213.5889
504,7,4552.2227
9,3,2705.1125
1400,5,3681.6775
180,0,637.1418
167,1,2790.18
1359,6,3903.5083
424,8,664.44165
1380,4,433.11526
875,6,2938.5786
1134,0,407.7377
1317,6,856.63226
1304,8,2491.7993
13,8,4586.275
329,6,2055.1653
1474,4,81.223495
1159,3,2513.545
1467,3,393.17627
991,5,5309.7603
1015,2,2275.387
822,5,4159.5044
907,5,2518.6548
309,0,522.6622
1316,2,3591.793
1301,5,2095.8948
1302,3,1258.0682
1181,0,309.68973
1548,2,2516.8374
1380,3,2284.028
748,0,158.85033
252,1,1808.4923
831,0,112.179436
1485,6,2380.4626
382,6,3212.1072
994,8,1937.1976
66,8,754.69165
619,1,2269.6313
892,2,3645.8098
518,2,2075.6584
1052,5,5307.8184
394,9,2166.4832
151,1,4689.093
920,1,458.99512
616,4,620.2374
351,7,1264.6223
1076,6,2529.0957
612,2,3415.4187
1546,5,3051.7065
824,2,1284.8695
678,7,2412.6914
215,5,2345.5054
161,2,2402.5122
1376,8,3699.0034
491,1,3202.3196
1526,7,3540.1978
1530,9,3010.7341
259,5,2755.7034
1226,3,1695.6898
62,9,6221.4185
1324,7,2629.457
14,7,2788.023
1033,4,418.75616
230,8,3334.9778
140,4,703.55115
155,1,1937.1304
11,6,2928.7312
1083,3,1997.8749
1336,8,1992.6693
1014,1,3378.6704
1188,2,2621.7964
1062,6,1435.3271
965,8,4502.575
207,8,2639.7961
859,7,760.03107
192,0,295.11948
677,7,2479.6106
1118,5,5666.7227
787,5,2621.5674
995,3,1746.0486
1493,1,1907.0605
1236,8,832.8106
688,2,2427.9688
147,3,2001.8708
1243,7,3638.7463
1499,1,942.0529
949,3,2593.3423
579,2,1747.5798
1234,2,2894.108
400,8,2456.9814
3,4,17.336422
1291,5,6354.419
1127,4,632.6565
631,9,1060.189
508,5,1553.6534
978,3,3465.8928
213,0,553.49396
752,8,4069.0764
717,0,233.87949
334,5,5839.7793
709,6,1708.3729
115,5,2069.8154
891,8,729.31274
1136,1,1299.2179
1217,6,1033.745
609,7,1456.3767
916,5,4191.988
1423,2,363.3822
701,6,1854.7408
277,9,2073.601
182,3,4341.663
1243,5,6117.922
558,7,1731.4497
1085,3,573.5707
626,3,1218.3645
626,1,1348.8518
1116,3,3327.1143
329,1,1888.1122
1400,6,1700.5536
1214,0,56.572964
86,9,1283.4519
940,4,313.8008
791,3,555.9114
867,9,1097.4095
269,4,280.82584
1036,1,2241.6694
46,0,-193.05797
809,8,938.92035
132,9,1627.0676
1540,6,2534.3032
351,6,1449.0527
1282,7,1514.3453
1319,6,2294.1375
511,5,3457.6934
1285,2,1321.2303
1297,5,1357.8445
609,9,1919.4159
629,7,6094.1685
1342,0,777.1695
122,6,4321.9727
1334,3,1976.1996
886,1,2156.263
724,3,677.0429
896,9,1036.4053
109,7,1554.7595
84,9,894.49023
1020,2,1788.2247
1408,6,2622.7456
434,1,3314.1768
883,8,3580.024
1050,9,952.32715
1253,0,35.76179
887,5,2367.8506
568,9,2002.5024
906,7,2671.9143
557,0,199.75566
292,7,3929.131
1340,2,2570.4575
1440,0,279.7703
652,0,133.18198
1036,2,2317.5095
434,3,1797.2367
877,5,3147.9258
851,5,5278.861
740,5,864.6284
49,5,4454.262
241,6,1742.6555
387,3,2706.1567
409,6,3619.2402
1307,2,690.65985
1402,0,67.75293
1410,9,1717.81
375,6,3257.9082
363,1,2969.1975
88,9,4183.9595
1331,6,2922.7397
643,8,1537.5215
963,3,1929.0259
1036,8,2225.0225
500,4,1018.4437
874,6,889.3514
1289,5,4109.652
778,4,368.08432
250,2,2350.9905
1259,8,2990.8599
1247,4,141.00093
904,5,2814.7314
20,7,1795.0643
1053,2,4008.9907
596,7,3199.244
188,3,1894.7313
670,8,1424.3689
629,9,5113.991
701,2,2448.1008
581,6,2793.0276
355,8,1697.5796
469,5,3347.31
1293,4,101.29638
822,3,3422.177
200,2,1392.5754
855,1,4804.775
1407,2,2062.2517
647,4,300.42438
960,5,6321.162
596,8,2908.7598
1556,8,5131.313
85,4,605.9818
1100,1,2835.6262
675,8,3229.3525
868,6,2914.2102
1332,7,1947.8529
243,6,1167.6412
1145,3,3462.7805
1274,8,1685.2463
826,4,492.79984
272,2,1660.7723
1202,1,4838.107
161,0,608.2233
318,6,1616.0566
1083,7,1660.6471
1044,8,1221.9408
915,9,2143.7676
1521,2,2776.494
1374,8,1745.5067
403,4,411.55505
415,2,3970.9587
282,0,59.40834
1424,2,4828.6343
513,0,51.90001
1096,2,1734.4165
1083,0,192.07555
1181,2,2331.066
27,1,639.52057
1293,9,802.8212
463,0,174.34686
695,2,4786.293
1001,7,3541.4045
1123,0,315.6906
455,4,190.09361
1114,2,1761.6641
267,2,5160.3354
1473,6,1957.2919
62,6,5547.1733
271,5,4210.051
1177,8,1408.7671
1194,1,511.53595
491,2,5029.286
1502,9,2235.1604
1192,3,3404.8123
245,5,4329.701
967,9,4245.698
1506,8,3752.4048
1513,3,2471.296
1544,2,3042.8306
808,9,1545.4656
428,5,4057.086
561,2,4693.1084
1295,7,635.6085
1533,5,3952.1086
1496,1,1783.1954
135,6,606.2337
496,6,1241.6898
179,9,1726.059
754,7,804.3413
1167,8,1675.6544
923,3,2222.1191
65,5,1799.6737
172,3,871.1534
1319,2,2189.4175
401,9,3597.6453
409,5,5836.797
978,9,4121.9795
1204,4,377.39764
503,9,1498.5444
16,1,737.30566
631,8,895.4124
451,1,702.10254
144,1,2421.6863
1459,8,1572.049
701,5,2231.269
971,5,3516.1875
1275,1,2557.9846
1006,7,1827.4268
1401,7,2183.3792
844,0,640.20966
111,3,368.6043
1346,0,337.88687
25,2,2925.7148
1327,8,3231.8337
437,6,1558.4606
636,6,1121.1487
634,6,2491.9875
1507,5,3891.4653
1456,8,2048.779
875,1,2214.4348
213,5,4947.218
476,1,1555.0038
1526,1,3551.2224
1284,3,2350.3835
1068,2,2629.3933
1301,2,1364.5521
650,3,565.5731
190,2,3042.1821
576,8,3287.948
769,7,3652.1584
1082,3,2443.6345
910,9,1229.5452
1493,3,1718.7015
1387,1,3265.0332
239,7,2981.6875
377,6,3398.0046
733,5,3238.3323
296,0,162.95801
1223,7,1923.7118
1247,6,990.7291
311,3,405.35574
1544,4,710.5085
772,2,3524.0168
1057,2,4311.6753
1185,4,131.20479
1436,2,1482.9833
830,2,2011.0786
909,2,916.9332
751,7,1239.3667
1282,5,3717.7583
375,2,3163.246
672,3,2569.3857
127,2,722.97
664,9,2681.2483
113,8,3500.0361
1062,9,1461.0387
67,5,2548.797
147,2,2655.4866
386,5,5536.961
1142,8,2307.3958
1163,9,1822.167
1269,7,3478.3384
724,1,737.85626
582,4,184.66545
127,6,855.53015
833,1,3890.9478
1287,3,3475.113
1310,7,2590.3655
1185,2,1514.6311
441,9,1432.7283
533,1,2325.4966
680,0,663.0827
1172,6,1955.6382
1244,6,1716.8405
1494,7,887.3778
142,3,286.7184
1554,3,2073.5437
264,3,1654.9059
223,6,1820.3092
1170,1,2223.6973
634,8,2776.4595
1248,2,4636.1216
949,4,198.3831
1284,4,400.57156
589,5,4301.3047
615,2,5250.1084
972,8,1363.7885
565,2,4415.886
783,0,421.07867
906,2,2665.583
737,7,3863.3054
1083,9,1176.0251
1186,6,4631.2153
29,2,1395.5706
1051,4,24.634834
291,7,2178.4343
645,4,282.75723
1430,0,691.13666
633,8,2741.3745
1415,9,2190.824
986,7,1895.9796
1255,8,3752.4111
764,1,2799.5796
1403,7,1702.5719
1074,4,271.7247
745,2,1812.3448
560,8,2614.165
686,9,1030.9369
651,7,2230.8987
1251,5,3728.9705
1267,3,1257.24
299,8,2087.5889
1371,6,905.3214
494,5,3029.5532
958,4,151.05067
1490,8,2609.4238
941,6,2992.783
953,9,1090.207
927,7,3030.2986
725,7,1349.3851
1502,0,697.6982
1477,9,3640.192
1427,3,2318.135
973,7,912.0702
927,3,2407.5894
322,8,1295.3049
1373,4,312.146
420,9,4367.972
68,6,920.0727
704,4,342.9071
286,5,5444.9497
241,8,1505.1051
458,5,1217.3685
1042,8,1199.185
400,6,2360.2488
893,1,1715.9791
1388,3,3995.597
26,6,4807.258
30,9,1543.525
1385,7,5178.461
754,1,853.81573
674,3,1473.9382
1262,8,3897.4712
346,0,564.7602
510,1,1661.2853
807,3,2738.401
637,5,3444.605
700,0,204.9495
645,1,1883.4707
822,7,3028.1938
1206,3,1687.7466
819,7,2124.5244
1074,9,2636.482
726,9,867.0119
529,3,1427.6085
883,3,2945.6116
1003,1,2349.1226
1018,6,2546.8833
658,8,3665.2288
1404,5,5634.703
667,3,2062.2566
1190,0,647.26624
1069,0,277.96884
286,8,2914.7742
1035,2,2168.532
78,7,3019.2441
661,6,1200.8955
384,5,1576.7007
1004,6,1543.6912
232,9,2625.039
1026,9,1706.5405
817,1,1875.2042
1267,2,1274.0033
463,9,986.2053
632,3,1902.5122
1447,5,3795.182
1427,4,426.9168
636,2,1403.9933
1377,2,536.1116
544,1,5256.6577
773,2,1571.6691
793,9,3431.8381
787,3,1814.7362
1002,1,2108.5269
448,0,76.27089
1040,4,90.37295
631,7,970.4632
863,8,2735.5137
1049,9,2234.868
997,4,332.11197
782,0,928.1659
1118,7,4459.516
1486,3,1600.3047
1212,5,2421.7515
205,9,5233.034
334,2,3454.4844
814,2,2356.5183
182,9,3850.3916
1229,7,2345.745
1291,7,2709.2998
1512,8,2566.66
1271,3,2830.5322
1202,8,3340.3699
1288,7,2021.3142
650,1,1393.3539
584,0,600.1183
196,5,3502.5176
952,6,1565.3976
1490,5,3908.5579
1138,9,3709.7397
560,1,2894.0002
0,8,1927.836
722,0,501.3824
351,1,1221.6127
1338,7,4206.529
1022,6,806.248
225,3,2009.4835
253,0,215.79248
291,8,2901.3235
872,5,3190.522
80,7,3959.206
412,3,3941.0999
978,2,3980.0671
294,4,184.44865
1445,2,1662.8489
873,9,2343.1785
1155,7,1940.3988
272,4,166.13496
788,6,4423.8984
588,7,2410.1692
637,4,509.32254
185,7,1878.3442
1236,3,437.68497
920,8,540.30524
10,9,2346.3293
833,5,4661.7144
776,5,5268.3984
341,6,3314.6733
69,5,2275.7075
925,4,620.4485
283,6,3098.4578
852,7,1447.8612
1121,2,3241.68
824,6,1383.7183
185,2,1782.6223
965,4,779.63763
368,2,3472.7969
830,7,1716.3464
1187,9,5973.8325
1070,2,1828.5057
574,2,5450.88
690,9,3716.8794
622,4,603.905
765,9,1497.0149
227,4,268.23325
1457,9,3003.821
743,5,6277.38
1143,3,2486.6038
735,0,622.19904
666,8,3268.3005
380,9,4612.978
884,2,992.5185
1400,1,1666.4967
572,4,470.70148
39,5,2980.011
453,3,1399.9215
774,3,1027.3562
99,5,2333.1936
1496,4,256.02866
341,9,2473.6953
470,9,4147.4834
1340,7,2772.3118
962,9,975.38837
19,3,3199.9612
1064,1,3006.6052
746,9,4305.8125
433,1,3270.575
827,5,4344.358
1439,7,2585.1094
376,9,1889.1853
108,1,3377.1929
74,7,1205.695
964,1,2225.5984
304,3,1667.922
762,3,1652.9736
647,5,2857.8352
721,0,126.171555
1093,0,242.2612
1185,7,1160.5103
197,0,59.139584
642,6,1825.8822
1342,2,3233.2986
1076,4,309.94244
1156,5,4652.4604
1519,5,2373.614
1139,2,1721.6067
125,7,3665.3054
174,7,2431.8064
849,8,832.36884
1250,8,3533.914
396,2,2589.4197
559,1,5454.851
1055,7,1512.6823
665,7,1473.4269
745,5,3979.6309
491,7,4009.1714
142,1,497.7749
188,2,2638.7898
196,1,1432.646
1428,5,2783.7422
811,3,1718.5342
501,5,2370.0288
1249,5,2842.7676
1222,3,2669.2634
1169,9,2105.014
1329,2,2269.4932
80,5,6369.4014
799,1,2226.758
1080,6,1573.1287
989,8,878.807
843,0,326.25586
811,0,187.53603
898,8,1723.7277
1088,3,3091.7727
1126,3,3796.0344
1439,1,2027.2714
1103,0,282.30792
1414,9,1232.2065
668,9,791.8896
1384,5,1157.9791
821,4,275.09177
283,0,900.96967
894,0,258.58832
984,7,2193.8044
502,1,2012.6304
64,9,2740.1726
1142,1,2736.4856
1444,3,457.9656
235,7,2937.414
200,9,1328.2695
1437,6,905.77924
513,2,1276.914
414,8,1338.6869
1276,2,1464.2811
628,9,1320.6566
1087,3,1379.1841
215,0,258.5234
130,1,2187.9114
382,4,647.98517
439,7,1238.8075
1463,3,4031.8215
69,3,753.6611
96,1,2285.6592
93,5,5053.0
1180,6,2970.3462
796,7,2581.2175
1240,7,1684.888
374,7,1854.6354
150,9,2376.4758
411,8,1027.0895
338,4,651.50037
1471,5,1739.5448
1043,6,3553.2847
144,3,1577.5687
1387,6,3038.8167
829,9,2165.4648
1292,8,4253.06
135,1,789.5649
1158,4,278.35394
1041,5,4723.468
1268,5,4077.243
1116,9,3512.407
1122,2,3812.3083
24,1,3385.7927
297,8,3581.2712
1095,1,623.4833
527,2,1677.2913
1059,6,3067.5317
1096,8,1665.1604
453,8,1743.0521
1483,5,3331.4807
683,2,560.98035
583,3,3052.242
474,1,3682.1482
744,3,1401.3259
983,0,76.30891
1445,7,1112.0348
1174,1,1619.0819
740,3,430.2245
1412,9,2133.888
568,1,2388.453
253,9,986.8349
530,5,6891.837
1493,6,1891.268
1338,4,418.5086
1016,3,3243.3506
869,7,3825.7236
270,8,2200.8916
969,1,2815.23
1149,7,4330.1797
1539,0,115.441986
1376,5,6007.191
296,6,1218.3771
1415,7,1763.0522
1537,9,2741.8423
1013,4,332.69473
792,8,1851.7627
813,7,5414.991
244,7,519.52966
1173,6,2890.6177
797,7,2066.9927
1037,8,6106.1743
510,6,1687.9998
6,9,1607.2214
574,4,524.6063
1209,5,1107.7767
210,8,2966.8264
946,6,374.0906
1037,2,4550.624
1407,5,3766.0227
274,2,2593.3936
776,3,1806.1168
985,2,2780.748
1535,6,3299.872
1294,6,808.21265
1072,7,1794.4248
1503,2,2602.2798
1304,1,2286.2832
1060,0,62.91908
191,2,2901.1658
1469,7,639.32385
551,9,1752.2957
1457,0,480.04932
1216,4,352.5144
1089,6,2518.305
288,3,2937.7046
1099,1,2357.3105
76,7,912.23846
910,1,1612.0171
1000,5,5924.703
1322,1,2345.2588
459,7,1414.6884
1440,9,2356.0254
462,9,3167.147
40,0,213.52261
1039,5,2490.297
1353,9,2265.481
654,3,3249.3706
812,9,774.35
778,2,4081.4705
903,9,1955.8635
1353,7,1620.7723
300,6,2142.8804
1186,7,3956.521
1010,8,2333.491
110,2,3430.3755
1382,2,2100.222
666,6,3616.373
1318,5,3487.9626
544,6,4961.102
953,2,804.57007
1292,5,7377.6616
736,3,3497.974
1002,8,2738.236
60,6,818.00183
992,9,2211.089
1188,9,2972.9812
1450,1,2174.357
1555,9,2177.0461
119,1,1773.8065
471,3,1268.7024
1211,7,5334.9634
10,1,1690.9988
1513,2,2768.4429
839,9,1276.0853
1241,3,4528.072
759,6,2098.9937
1122,5,4664.732
913,7,1847.0591
1326,9,1860.1003
556,3,3185.1077
464,9,1577.5
88,3,4204.363
186,8,2487.731
932,0,55.986687
340,4,673.31415
484,2,2803.993
210,3,2874.8489
1025,2,2475.4534
732,8,2285.3762
298,5,4160.5977
535,5,1453.4851
1249,1,1453.1869
138,6,1509.5167
7,7,697.5229
836,3,2234.9001
1310,0,685.9048
706,8,1461.4324
1308,3,3239.3213
791,6,796.79456
1167,7,1623.0834
873,2,1881.4159
409,3,1609.0278
812,3,714.1825
194,2,4726.309
728,9,2004.3976
318,3,1297.626
680,2,4021.0952
874,1,666.51355
1273,3,3070.6406
737,0,337.67175
272,7,811.3779
1404,2,3492.9167
584,3,2196.685
153,4,428.64417
184,7,1508.3016
251,2,4128.6006
330,9,2379.2346
292,8,4048.1594
1268,9,2876.7188
564,8,2537.1292
10,8,2095.3574
1447,9,2806.441
1140,9,913.34155
360,9,1389.7706
1240,8,2092.587
284,9,1380.4655
730,2,2613.438
500,2,2918.6614
730,7,2542.964
1122,1,3586.616
1366,0,35.044495
380,6,4834.514
1003,0,269.0308
1355,3,1775.7954
13,4,609.71765
12,6,1594.039
1015,6,1961.5906
990,6,3308.519
1444,8,699.85254
219,3,822.0282
344,1,1232.4729
66,0,138.14085
190,7,3180.7886
1008,8,1346.6848
638,1,2177.8389
643,5,2790.8672
851,7,3153.3499
633,7,2576.0845
811,9,1642.7549
70,3,707.75305
622,5,3028.9702
607,4,450.61414
1474,3,412.53656
120,8,854.582
1151,1,2224.5457
110,0,489.2917
1006,3,1116.3793
1176,7,730.6132
1417,3,2449.3218
1404,3,2817.913
790,5,4047.5422
1127,6,3401.1943
1370,5,5283.1216
404,9,1850.5408
57,2,764.08295
1178,3,3634.8167
773,6,1811.6552
1016,2,3167.4617
1286,4,339.48862
97,2,3816.022
872,9,1673.8967
621,5,5387.56
768,7,2182.7908
980,6,1449.5018
437,1,2101.3523
34,0,492.5782
1385,5,6751.025
836,7,2255.4487
1523,6,2426.8572
697,1,5033.135
1398,9,2423.9932
1045,4,457.51935
392,2,1096.2253
1311,9,3467.1538
146,6,2143.4314
117,0,78.68929
839,3,1340.4232
1115,9,1393.1907
885,9,518.44904
1086,2,586.3241
986,6,1725.4624
160,5,5542.4883
467,5,3290.9263
1096,3,1407.9563
497,5,5466.6763
967,3,3851.9993
378,5,2635.7559
1001,4,179.11662
332,4,325.6379
572,9,3367.0186
411,7,720.2731
277,7,1832.6896
602,1,1574.4187
746,1,3988.7507
1080,7,1187.5558
1118,2,5012.5757
817,5,4397.7153
959,8,1498.4808
317,9,1651.9552
1400,3,1634.5859
189,3,638.1825
1253,6,1773.6436
347,7,1857.335
1554,4,481.83307
231,2,3002.2947
163,5,2297.8264
289,1,2946.1838
595,1,1062.8826
1427,9,3372.4373
532,2,473.28394
829,6,3262.3958
1317,0,143.32181
556,8,3607.9563
1468,8,1954.9941
271,8,2119.0393
1273,2,4062.0664
855,0,845.44836
1394,9,2134.659
380,5,7183.1553
1135,9,1110.3127
316,5,2849.5088
1140,1,1883.923
1299,1,2184.5493
1013,3,2013.4899
486,8,785.0615
1400,8,1801.3456
296,5,2268.2346
490,1,3325.9724
1396,9,2115.4407
421,3,2130.5222
8,0,138.81836
201,5,4030.647
1266,5,4257.561
362,8,2026.0222
841,5,4802.9844
469,9,1487.2662
1403,0,154.64441
365,1,1961.0668
525,0,443.30734
629,6,6005.55
237,5,5610.0146
1529,8,2075.0325
1399,5,2718.7737
1503,0,189.7508
818,2,1237.9993
459,0,205.133
435,1,651.72845
1294,7,700.54584
245,6,2202.8896
23,5,1150.9523
940,5,2652.0498
843,5,3568.8901
948,2,1109.3765
1044,5,1911.862
1209,6,1316.2802
214,1,1372.942
115,3,1194.4268
5,8,3502.9993
535,8,977.20447
811,6,1844.4695
745,6,1615.843
1031,5,4228.23
1477,7,2287.1516
695,0,361.98212
913,3,1657.3113
659,9,1423.6259
1035,9,2008.9927
1189,9,4032.7222
63,1,2482.5217
306,4,234.13446
1379,5,4908.5967
1396,1,2194.6711
367,5,5862.855
330,2,2768.0403
791,2,770.0699
868,1,3616.0808
1095,5,1003.53595
525,8,1767.1912
1322,6,3272.3088
322,1,1033.4678
1304,7,2050.1184
74,9,1023.6822
1200,7,2344.4375
1489,2,4112.302
1241,7,5578.31
603,2,1627.3875
1238,2,3214.351
831,6,656.72296
1419,9,1126.871
1290,5,3786.8362
546,2,1681.6289
773,1,1763.5903
1034,6,3579.4644
297,6,3187.1067
36,5,7198.033
574,8,4236.4536
146,2,1772.7378
649,9,1487.8732
354,6,2862.9983
636,7,1185.3293
1458,5,2926.576
796,5,2692.0317
966,5,3485.8806
1001,9,3404.3545
1436,6,2091.4153
394,7,1739.8125
523,1,2568.556
762,7,1859.7487
528,7,2860.6782
1292,2,4194.705
1555,8,1932.1768
564,4,272.48206
1010,1,1573.7983
262,8,1167.2821
1471,2,733.08777
1410,2,2496.732
227,6,1849.6478
395,1,3400.8743
841,6,2556.6072
1491,3,2448.7615
1145,5,6197.001
877,8,2498.8777
1553,5,3787.5085
218,0,219.02748
740,1,731.73676
747,8,561.0504
889,3,5659.183
861,8,3232.1096
91,8,2760.4824
1006,5,3594.8506
335,6,1101.3092
1493,9,1573.9741
108,3,4133.7285
575,8,1218.187
824,8,1423.2012
704,5,4982.202
570,9,4687.955
199,7,1681.8363
941,5,4209.4727
525,7,1624.5166
252,5,3078.0994
1452,7,3163.3452
736,0,616.83514
198,5,5951.232
1061,1,2975.153
1082,9,2201.4363
1355,4,386.86127
263,3,1080.8496
325,5,2780.2307
415,1,2517.1084
384,6,1214.0835
882,5,2467.395
914,4,371.2674
164,2,4927.691
636,9,1163.7441
608,8,2373.4219
1258,9,3068.3442
1196,9,2684.8635
722,8,2637.2542
819,8,2196.891
158,3,1481.844
589,8,2430.8923
623,3,3019.5757
1375,2,577.8019
111,0,91.74633
1306,5,7770.389
417,9,606.13904
88,7,4404.642
559,6,5147.9937
1294,4,20.388577
697,4,284.94058
558,8,1978.2993
951,5,1430.336
301,3,1375.6991
157,9,3949.4302
588,5,4126.035
1392,9,686.78827
289,7,1956.9492
176,7,1051.4403
606,7,924.3393
1029,7,1630.4133
351,8,1211.6041
1378,0,722.9663
1359,7,2949.9514
867,7,836.2327
1267,6,1385.7094
884,5,1795.1674
1073,6,1402.957
596,6,2782.1692
905,3,1306.1766
261,8,3440.68
959,6,1470.711
565,6,3848.8909
1327,7,2716.6304
1220,8,866.91437
360,5,2894.0469
693,1,810.9202
566,3,795.8822
742,9,4483.8223
1301,3,1247.7633
1442,1,2144.3765
1256,8,1492.7927
67,6,1694.7865
379,7,471.29587
1349,7,703.9659
640,5,1701.5968
870,1,1246.5743
98,2,2513.458
958,0,305.50198
1018,8,2864.7732
1326,2,1771.4153
1110,8,2837.688
900,6,534.9629
672,2,3149.7334
173,7,1654.3386
156,8,4561.566
604,8,1856.0865
537,7,1288.6185
1134,1,4041.099
1556,7,4817.202
314,5,4485.009
303,2,3398.9587
908,1,4204.943
1408,1,2373.6096
929,1,3393.059
1481,5,3390.9922
1428,0,355.75046
392,3,847.17523
1277,1,1349.6392
446,2,1685.8832
5,5,5573.2886
183,3,1114.5364
212,7,1532.3846
492,2,3806.57
1266,0,431.17245
444,1,2333.927
1395,3,2679.6604
929,5,5015.7456
202,3,1058.0056
1450,5,4541.9233
527,1,1795.0178
710,7,1571.7968
973,1,654.75256
374,2,2361.204
1172,1,2046.6017
101,3,-28.60557
935,5,2666.4966
979,3,445.02444
955,1,1873.009
502,4,531.4743
866,3,4337.614
313,6,643.9566
1208,2,3763.321
920,9,402.3008
1009,9,3732.0452
401,6,3340.5115
1500,7,4076.1506
56,8,3844.9307
74,6,705.8131
662,6,1775.4706
606,3,821.0181
1492,9,3746.588
1279,1,3832.0059
577,6,1835.4401
1170,4,347.95715
1450,8,2705.1426
382,1,3376.5571
617,7,1390.5231
1069,7,1618.0061
373,7,1959.2668
1196,2,2660.882
776,2,2797.1772
768,5,2775.644
529,2,2054.9211
255,9,1376.8741
86,5,2106.5276
1528,2,763.0756
361,2,657.5283
764,3,1956.8706
92,3,3276.4607
915,2,2370.099
1172,8,1893.1489
1130,9,3112.2178
1180,3,3073.9233
560,6,2872.0686
791,1,636.61176
1289,3,2062.0042
428,9,2227.0051
46,1,2905.8887
71,9,1086.2367
1471,6,960.31537
192,4,479.2759
1237,5,3946.7463
848,2,2707.9585
19,5,5404.441
525,4,117.09791
188,0,21.494364
770,8,859.02386
1494,8,680.9092
550,2,1784.6615
457,3,2610.8374
1017,1,2604.539
51,2,2547.917
423,5,2697.564
833,0,690.47955
1263,8,681.93024
51,7,2851.855
912,3,3075.496
993,7,967.7905
22,6,970.16614
1084,8,3354.2363
1,7,2931.5806
379,9,437.10162
1156,1,2131.7903
914,3,2678.5999
255,8,1273.9512
1457,7,3203.4966
109,3,1216.2745
1484,2,2450.6519
137,1,1758.2145
57,5,1196.5576
274,5,6335.198
911,8,3083.5903
1353,3,1778.8375
691,4,362.75308
1404,7,3013.7546
271,9,2114.296
786,7,1275.6232
1494,5,1071.5715
1474,5,882.9984
294,6,580.32007
801,9,1516.2654
1224,5,4026.0022
29,4,202.79276
1407,4,445.20215
635,6,2544.42
475,2,3448.5122
794,1,1383.2771
174,0,1208.1703
80,9,3272.938
1182,5,2201.5498
1557,6,3055.8245
1398,1,3034.641
3,2,2072.5862
45,8,4022.2517
1320,9,2777.0884
366,3,2647.1033
221,1,909.7747
847,1,4733.321
832,3,1903.9393
1516,4,505.65536
1109,6,3628.5698
996,2,1710.7076
1166,9,1244.1422
1169,6,2111.4412
1111,7,4215.677
917,0,163.94783
428,1,2458.0293
553,2,6572.7344
1485,4,231.00694
875,7,2411.7498
1497,8,2334.6316
523,3,1529.2544
1152,7,1112.9017
932,3,481.16916
720,2,2109.962
1531,9,2377.2456
1167,2,2102.3083
514,5,5383.6875
107,3,501.34143
308,4,289.70978
1402,6,1652.9705
721,1,1172.9738
1400,0,145.23642
319,8,3116.2454
1346,5,7318.571
1229,1,2939.0667
1113,1,3506.0498
163,1,1364.3381
934,8,1184.0967
768,1,2160.9448
309,5,2991.2695
1198,6,3550.1724
723,0,430.9255
292,5,5798.447
131,5,954.3339
917,6,2819.5264
248,0,61.303425
95,6,1008.1485
212,8,2099.1243
594,8,3502.2954
1516,6,2000.1434
1251,8,1696.6919
245,1,2052.8228
282,4,109.104576
1207,9,1204.62
300,1,2352.4458
427,5,1641.3307
592,3,302.48523
663,5,2667.291
512,5,925.51135
868,0,351.11496
1043,2,3509.3394
28,2,919.9104
824,1,1368.0787
766,0,676.6603
1283,6,715.9399
779,1,728.2749
847,6,6159.221
713,8,1803.7665
741,7,756.674
1126,9,3963.627
1490,9,2314.96
833,4,121.801865
340,8,4224.6284
1243,9,3948.6523
1027,7,1585.4221
1551,6,783.6037
1012,7,2683.0027
622,6,2016.4773
1018,2,2661.7275
895,3,1294.1287
153,9,1400.9901
737,2,5097.999
211,5,2692.0186
931,2,3492.4204
68,2,951.6635
1197,8,3605.9915
365,5,3903.1592
682,0,348.02808
783,1,3230.3323
1361,7,2234.572
327,4,274.30386
194,6,3665.4663
436,7,1477.7109
1467,2,395.65295
992,3,2110.012
314,9,3063.705
715,3,2911.3167
439,0,345.70074
1124,3,339.73138
1244,2,1479.7416
991,0,128.93843
15,9,2220.281
589,7,2384.013
673,4,838.5557
76,5,2113.8057
1503,9,2955.5898
850,4,957.0529
879,3,2204.5847
968,5,6198.106
511,6,2910.7349
1550,7,3226.7988
711,9,996.0527
449,3,1209.0654
914,2,3070.5833
1272,5,1248.0048
387,8,3001.4368
1526,9,3431.438
1455,7,2215.01
573,3,5027.729
1525,0,844.7473
1470,2,629.1012
195,4,481.88235
176,5,2749.9277
588,3,1965.8021
225,8,2968.3232
692,6,5000.757
105,4,373.1184
1127,0,803.41705
388,8,3116.3079
925,1,2599.6248
195,1,2946.7236
797,3,2314.576
295,7,3757.7156
1457,5,5522.519
1421,1,977.9447
863,0,514.9477
1403,9,1935.522
768,6,2160.4404
948,1,1179.8163
1230,3,2270.6084
537,1,1653.1033
1127,9,3391.9207
772,6,4200.2627
1371,4,178.48833
171,3,1402.7867
1047,3,2073.7576
1424,5,4355.3604
159,7,2074.0435
1262,6,3472.4907
1541,2,748.56256
797,6,3213.3235
1045,2,2862.4353
802,1,864.57434
298,3,2279.6045
573,7,4668.143
1041,6,2011.1519
823,6,2022.2072
831,9,600.6879
14,0,323.28687
342,4,114.70573
771,9,1762.2172
354,8,2599.9128
1410,8,2551.2932
1453,3,2838.06
1105,6,2101.2988
1054,6,1767.832
1443,7,845.2878
322,3,1467.9647
1500,5,5669.3237
931,0,485.10748
40,2,2162.4148
87,1,2848.6404
1538,1,1728.6879
26,1,4532.6045
1275,7,2916.8083
1008,6,1324.9701
417,6,595.2048
1074,3,3927.8271
1159,1,2949.1274
1441,7,1005.09735
746,6,3612.6624
582,7,1567.0155
1035,1,2265.9358
371,8,1480.2235
465,5,2987.1726
228,9,773.7123
505,5,2491.0251
835,1,587.5747
270,3,1799.3351
202,5,2592.626
343,9,693.5004
1392,6,807.3431
1012,6,3542.7166
893,4,248.86012
1118,9,4405.654
949,5,4027.1504
339,2,810.6039
1348,4,273.09576
115,8,1725.6837
152,8,1821.476
153,1,1589.736
1390,8,2515.0657
1489,6,3846.335
1452,0,305.79037
1540,9,2822.0586
1211,6,4814.6514
580,6,2383.1118
1342,6,4067.2803
785,7,2028.7926
783,2,3322.8735
758,8,965.6294
553,5,6191.7944
719,7,2348.1018
1374,4,261.13916
1173,3,1859.8534
1524,9,3935.728
1293,5,926.3364
355,3,1642.9741
851,1,3495.6257
990,9,2869.0547
434,2,2329.815
415,7,2362.3066
406,9,552.3646
257,6,3612.9612
742,3,3601.7625
562,0,250.84386
1003,6,2191.0981
777,5,872.55426
1134,3,2780.111
223,2,1512.4625
1339,5,4168.7896
36,8,4783.2373
288,5,6774.3657
1403,2,2180.8823
1341,1,1623.3638
1490,2,2391.5515
182,5,5253.641
1213,5,7779.881
708,7,3522.3938
684,7,1174.5503
453,6,2495.5774
547,7,3726.0222
701,1,2040.4696
1075,7,934.63055
1005,5,4180.469
1461,0,10.055344
575,5,3167.7112
657,9,1211.002
963,7,2717.6575
514,3,2992.3552
120,2,710.6469
1418,8,601.08185
726,0,77.862
576,2,3199.5347
1176,6,652.75543
979,6,815.0782
788,8,2640.7554
40,7,2263.5078
31,4,171.60664
577,3,1664.1405
297,0,879.10504
847,5,7016.9956
970,7,1827.8169
339,4,135.33105
1299,6,3257.5408
539,6,1489.4529
1507,8,2410.09
302,6,3758.6494
1501,4,288.85364
518,8,1906.7063
1525,3,2869.4163
613,6,756.1629
899,6,2402.1572
98,7,2074.0713
741,0,145.90012
109,0,366.3378
373,0,132.9675
196,7,1494.697
647,8,1296.4607
128,3,607.34796
41,1,2498.2368
64,6,3299.984
437,5,2605.7937
166,4,163.3927
1097,3,1152.197
357,8,1670.016
117,8,754.8698
1321,8,2172.3286
434,0,574.5309
847,4,980.7032
1368,9,4711.306
1303,3,258.8238
939,9,2671.5908
816,7,1844.468
181,6,2983.7576
54,5,2220.6746
320,3,1921.9268
681,8,1501.8049
1139,5,2866.0034
959,7,1128.6014
993,1,702.1137
517,5,1617.4729
289,4,507.0533
946,9,532.12317
40,5,3457.6907
686,0,277.03494
250,5,5786.85
1129,7,2283.6072
927,1,3363.214
970,2,2266.856
991,4,176.07684
1115,5,2109.5867
1429,8,1756.9625
589,6,2658.0205
495,9,3156.7698
810,9,1838.4243
84,1,1154.9502
473,1,3976.2852
249,9,1710.0657
392,6,1252.3478
873,0,149.50189
348,7,1901.9813
1442,4,148.7921
1473,1,1582.4583
165,1,1941.3594
177,6,2984.3262
183,7,1226.4148
1313,3,1930.0912
128,5,1100.464
370,5,4701.664
786,3,1282.5927
1488,2,3270.9304
1539,1,563.91766
855,8,5522.809
577,9,2334.397
382,0,550.7854
1033,8,2551.457
311,8,618.0175
376,8,1945.3137
174,8,3482.3613
863,7,3334.888
1415,2,2387.561
277,5,2552.0808
225,7,2727.6213
64,1,2665.5283
1072,8,1409.9652
379,5,975.29065
1191,2,2636.9492
414,9,1299.3683
422,4,463.42374
1316,6,3693.3044
604,4,99.59576
1341,6,1924.2596
95,9,873.6558
902,6,5092.9355
26,3,3877.4697
1198,1,3756.0325
1191,3,2632.8193
846,5,3772.705
1448,9,1047.397
1252,3,936.08374
1013,9,2720.6475
1201,1,2890.7336
76,3,820.5821
192,5,7185.198
1203,7,3379.422
641,7,2524.7659
1195,6,1304.6147
1404,6,3944.9688
535,0,232.54488
121,1,2030.7589
1362,9,4985.71
1165,2,524.05096
472,1,3717.7822
48,0,81.59599
626,2,1766.4049
746,7,3398.6345
343,6,1048.8715
320,6,2523.026
625,5,3061.2224
257,5,4291.3984
1351,3,1870.3083
1311,3,2065.4148
1114,3,1619.471
430,7,3551.4944
1041,2,2019.367
857,1,2950.0696
652,4,55.65013
1314,3,2339.67
1412,5,3050.286
818,9,1318.5804
361,8,590.78986
1479,2,2778.5059
952,8,1564.4598
480,2,3830.294
934,2,1015.22577
1322,5,4842.6
56,7,4043.4612
234,2,2278.1284
803,2,4234.1494
770,6,870.1315
1102,6,2341.0312
521,0,336.49902
1001,3,1757.4884
1093,7,1548.554
1537,5,3237.533
687,0,692.70184
40,9,2081.4504
713,2,2334.6204
1246,0,3.2171512
1356,2,886.97815
967,6,4339.7524
926,6,3944.053
1393,3,1104.2314
744,2,2123.7888
1474,9,437.66663
659,8,1329.8883
419,2,911.35364
781,8,3086.222
67,9,1309.3799
960,1,3956.32
649,7,1765.7087
1433,0,519.13403
1513,6,3037.6206
1314,1,4030.6672
725,6,1524.7195
965,1,3131.8188
1150,5,1040.4685
349,2,4069.3213
1159,2,3292.8303
1298,3,1437.8395
550,1,2393.064
586,7,1310.4554
570,2,3794.2417
74,0,286.61276
816,8,1933.7921
1214,2,1489.3265
695,3,5290.532
1328,6,1837.5146
622,2,1827.2635
1409,5,2994.2642
1486,1,1129.3441
278,4,335.61923
338,1,3360.0132
998,7,3222.281
213,8,3229.1921
1357,2,1141.1094
1236,6,809.8454
494,1,1629.7775
406,1,689.10394
959,2,1563.9309
368,3,2341.567
1058,6,1971.6327
918,9,581.2659
15,2,2230.8796
372,9,1971.942
1060,6,1697.1866
1165,9,657.3679
1037,6,5570.244
1085,5,934.7607
352,3,715.17535
158,2,1884.7203
444,8,1860.6963
1431,1,1510.2565
1126,2,4738.9033
367,1,2892.3965
876,7,4044.1943
860,6,2849.8638
957,0,173.31038
273,1,2600.4749
830,5,2282.0615
819,6,2230.5566
676,9,4270.142
1381,1,2288.43
699,5,3738.8865
333,3,2252.1118
167,0,461.93637
1128,6,1307.0042
170,7,3410.2217
372,1,1987.2168
341,7,2547.6826
79,8,1960.5122
819,5,2903.9136
592,5,931.43317
9,5,5206.191
267,8,4482.366
354,7,2310.8003
928,7,2247.3142
1557,8,3504.38
334,3,4267.1353
834,6,2614.8853
1322,4,313.16156
1221,8,1088.6927
1352,3,2277.091
393,8,1859.6312
1422,6,2238.878
1086,3,635.5128
1536,3,2564.7659
1272,6,878.48303
497,4,281.01694
421,8,2261.8684
629,0,490.66342
1075,0,200.41331
1122,6,3169.5757
1366,6,884.2598
560,3,2500.5154
1271,6,2936.584
77,6,3099.165
1388,9,4452.7017
31,3,1111.6353
286,2,3195.0051
197,8,3389.1216
130,6,2227.4922
760,3,662.7677
1269,2,3392.2842
929,2,3522.5369
1451,3,830.0222
364,6,2241.1865
630,3,4262.676
1162,6,4888.139
362,2,2816.7593
942,7,2353.0466
647,3,1172.2878
1475,3,2967.5164
480,9,4042.4978
1133,2,1501.9528
844,6,3014.866
1168,1,4214.226
1268,7,3152.747
1531,8,2674.4578
624,7,1854.9216
502,5,3616.055
1504,9,3090.7786
273,5,3551.6292
558,3,1453.8723
1367,2,3280.9048
229,4,222.74489
56,5,6194.1646
1225,9,848.86426
232,4,702.1381
852,8,1477.3975
1425,4,114.33649
1411,7,2381.6443
797,4,337.59485
699,3,2093.445
571,1,1140.0092
971,3,2194.6648
1082,8,1931.8983
1026,0,294.3337
445,1,2221.1074
1065,9,4387.359
577,7,2255.6123
590,5,1286.4275
1455,8,2214.4026
516,3,2812.4712
1136,9,1358.9535
955,8,2303.1194
924,9,951.37994
1244,3,1000.64166
1101,5,6594.7866
132,2,1646.5616
515,7,1331.8124
168,1,2963.2952
528,4,360.57227
816,2,2292.8877
1460,4,439.71106
426,9,1084.5714
10,5,3311.384
1061,6,2404.1104
811,7,2997.2742
335,0,219.5138
822,1,4009.763
306,9,1427.5066
676,0,868.0235
962,8,1046.7302
956,7,2530.7253
969,9,3078.145
273,0,404.22797
1433,5,2762.734
796,2,2966.76
822,8,2827.7192
69,0,183.17413
406,7,530.0598
1360,1,1840.29
839,8,1557.2788
1116,6,2814.2632
511,1,3024.4238
120,3,700.06573
430,0,437.89935
1089,2,2559.1072
1128,3,1095.8844
248,1,483.07175
1482,3,3162.7935
539,8,1216.264
204,4,343.5531
598,5,6124.0796
1067,3,1753.0227
581,8,2270.1338
1134,9,5233.6265
519,6,3411.619
844,7,2082.455
405,6,3806.801
885,5,993.4037
546,6,1246.5009
327,3,2636.112
1414,2,1233.1886
958,8,1337.115
1536,9,3495.3784
514,6,3846.6826
1267,5,2965.4924
748,4,464.21808
1126,1,3721.473
678,3,3283.9653
1056,6,1352.6758
1548,1,3069.2305
590,0,141.43767
855,3,4414.178
536,8,2151.1506
50,2,1249.6656
769,1,3939.267
1014,2,2986.4167
580,7,2035.479
409,1,3516.7651
158,6,2960.6863
1104,5,1948.7245
1301,9,1488.4486
60,1,851.80383
1323,9,774.7997
510,8,2237.956
321,8,2443.2273
770,4,161.6799
953,7,793.3783
367,3,2975.5344
1152,8,1201.278
635,5,4967.6772
492,9,2209.8606
872,7,1566.8167
300,7,2121.2395
1075,8,1061.8593
678,9,2389.8865
1456,9,1911.4069
1465,2,4047.8145
1486,7,1814.2798
73,0,130.48946
241,5,2411.7512
922,0,422.83566
240,6,3867.957
932,2,609.9192
896,6,1066.5496
1164,3,3440.4736
1114,8,1921.8949
22,8,1181.8936
450,4,197.62141
889,6,4358.7354
798,8,1326.1445
739,3,2678.5212
316,2,1653.923
637,7,3345.8972
1228,9,3720.1958
1482,0,431.1754
1393,4,149.9363
739,9,2658.5232
1290,2,2302.0684
123,8,2301.374
1420,5,5731.413
570,1,4645.833
820,8,2688.305
1264,7,1614.5934
1447,2,2737.7712
829,0,571.9726
775,1,3955.355
625,8,1967.5417
788,2,3237.8958
576,4,619.3547
1530,0,535.43646
728,5,2709.699
1003,7,2260.175
479,4,147.90611
599,8,2162.7266
149,8,2311.6577
155,7,1763.3013
1054,5,3537.576
1424,6,3026.6814
1445,8,1648.0756
1215,3,2263.7664
676,2,3921.496
700,8,1284.9347
966,1,1980.195
187,6,4403.882
318,0,260.54126
97,9,4577.993
1044,6,1297.1584
883,5,5596.8545
357,5,3094.444
1100,2,2508.2266
1281,8,3197.1833
865,2,1787.8671
101,6,579.15704
1298,2,1728.4034
325,2,1850.7408
253,3,1188.8878
980,3,988.276
1297,6,953.1341
983,8,620.4163
1065,5,5370.683
969,7,2981.0713
256,0,635.6031
1474,6,542.982
76,6,1054.8926
1398,6,2016.4961
908,6,4136.2974
761,8,1008.9889
814,1,2219.8252
1046,4,286.82025
471,5,2438.291
903,5,2992.0525
175,7,582.96594
259,0,296.6791
542,5,4620.332
141,8,2294.894
1353,8,1677.1428
1546,3,1985.9467
125,9,3208.4373
831,7,663.1052
350,9,431.30603
943,2,2669.7627
825,1,1789.5269
340,0,366.79745
593,4,363.25854
854,1,2262.217
503,4,274.87924
348,0,88.82828
1039,0,112.51898
1024,9,981.02734
262,7,1311.8896
1535,1,3425.3652
1459,5,2486.216
1026,5,3198.1575
351,2,1406.6505
404,5,4550.0083
1030,5,889.1167
488,2,2215.8623
524,9,839.6183
677,3,1639.0863
1193,2,3225.3396
244,6,706.93555
187,2,4445.7573
1255,0,980.33923
53,9,3125.3806
732,1,1925.7465
1331,2,2896.9414
625,7,1162.9445
1427,5,3847.8835
1525,1,2573.1797
648,5,3995.4531
1323,6,770.3609
923,8,1428.5374
1394,6,2161.8936
1076,3,2320.8062
742,4,482.43042
563,7,884.77454
1234,6,3716.4429
1520,9,3159.302
1116,8,2779.0671
15,1,1782.1454
1491,6,3314.1877
1406,3,2511.5408
265,1,2650.4075
98,4,547.03784
1314,7,2878.2834
329,0,398.71695
57,1,824.80865
1100,9,3288.0547
1434,8,3001.5554
331,9,774.1336
787,8,2244.6663
889,7,3649.8462
1225,0,33.567276
879,9,1980.1233
242,7,1304.2491
1180,9,3547.3188
518,6,1857.2424
1051,6,558.08673
1239,5,2388.9434
838,8,2666.9075
668,6,939.1755
338,5,5989.6045
991,1,3065.943
1093,3,1667.43
988,8,909.56213
328,5,4634.204
1519,6,2784.9949
206,3,2059.4973
728,8,1737.06
158,5,3642.5083
84,7,1015.3569
463,3,659.75806
1255,6,4146.2246
1416,6,2285.3672
230,1,3280.9695
52,2,1833.8019
103,5,3522.8264
819,2,1633.0487
946,2,543.2142
56,3,3962.3328
92,8,2892.9673
396,6,2636.8489
1364,3,2359.8926
1010,2,1998.4176
1071,3,1059.5737
1392,7,832.53
161,7,3539.4897
1270,3,2667.5515
379,6,544.9713
463,8,1064.8052
1213,4,964.5552
1228,7,4080.7866
1393,2,1293.2573
161,3,2285.9587
1361,6,2213.8518
490,5,7229.8096
426,8,1268.1904
895,8,1557.9009
8,6,768.2366
777,6,749.37695
545,6,851.7647
959,9,1290.181
1038,2,2986.1768
871,9,2064.183
1101,3,3954.031
797,0,468.6273
1364,2,2096.2234
886,3,1991.6129
1243,4,569.21814
353,3,946.858
1074,5,4728.211
1408,7,2163.072
1456,7,2024.811
1072,2,2023.416
1001,6,3100.2966
846,0,181.26875
632,0,307.44037
1549,8,1601.3903
1515,6,2075.8447
1025,3,2799.0798
1539,6,868.40186
1052,3,3139.8523
1092,9,1164.3698
1502,5,3261.9492
1291,6,3608.903
1081,1,1730.3995
672,6,3042.471
499,7,623.01996
887,2,1147.3691
385,9,2153.7744
55,2,1434.5443
401,3,3246.7383
1544,9,3206.1519
710,3,1719.5233
20,6,2273.032
489,9,1695.751
673,8,2944.4827
833,7,5108.4165
372,8,2634.7183
1413,3,471.4225
328,7,3412.8098
180,8,2627.7004
990,7,2371.8398
810,7,1277.475
1046,1,2371.9995
831,3,299.12817
748,2,4392.286
770,1,718.5779
571,0,165.17975
858,8,2178.4834
1543,9,1034.3975
631,3,829.54816
89,1,2120.9646
1248,7,4280.706
1019,6,3086.1606
1125,5,4246.9644
1270,5,5977.8384
341,2,2486.176
486,3,772.86145
673,1,3060.2314
1417,2,2409.0122
225,5,5662.665
1019,2,2570.5251
1414,7,1185.2454
1518,0,222.52065
1021,1,1311.4038
735,9,2422.0063
571,3,1384.6375
627,4,378.98706
1181,5,2942.7014
570,8,4675.0874
1175,7,1173.4688
435,8,599.4257
694,5,3954.0205
978,1,3778.0986
291,5,4041.5874
634,2,2353.1812
580,5,3085.75
1266,6,2694.7036
341,4,544.7178
1325,9,3533.243
13,1,3937.433
165,6,2639.056
1100,7,2579.4028
79,1,1815.9833
684,8,1304.0977
829,8,2991.7942
944,5,2695.5056
1075,6,1031.458
1430,5,3913.1594
1241,2,5134.3354
1003,2,2043.0712
1300,6,668.47406
1137,7,3004.7559
1470,8,716.5637
1151,4,286.08737
193,0,189.15593
859,5,1555.3896
899,3,1751.9886
1114,7,1516.3436
406,4,39.875042
411,2,813.4316
1517,5,3575.9614
96,6,2933.9658
1021,6,2025.5011
1110,3,3077.368
929,7,2754.8125
278,3,2294.574
628,6,1212.8712
1313,8,2455.202
232,3,2767.4888
777,1,721.9905
809,4,98.088585
1178,4,444.29962
108,2,4623.7637
708,2,3338.4026
615,8,4978.948
1369,3,2495.7712
570,5,5326.9873
1281,0,496.10983
26,5,6276.161
266,3,2685.1687
792,7,1529.7765
1148,9,816.92645
430,3,3155.5022
1111,2,4208.4595
761,1,722.1528
204,3,766.2613
1033,2,2693.1116
1217,1,535.26337
744,5,3135.3218
174,6,3280.458
444,7,1687.9052
122,7,3554.9932
698,5,3005.2463
928,9,2205.7568
1094,0,549.487
395,5,3117.2666
1115,3,1313.9227
846,3,1530.2585
755,1,1597.0884
587,5,5411.1084
291,1,2859.1428
1050,5,1870.0708
1303,8,532.92285
789,0,64.35082
294,7,515.1874
261,7,4023.7048
1468,9,2022.603
136,3,1648.8871
381,9,3547.6814
844,3,2192.42
1460,2,2831.9766
760,8,553.25183
1508,5,5448.829
406,3,415.32834
112,1,3520.0544
259,8,2129.3862
1432,1,2730.604
1496,2,1428.2668
1139,6,1478.6919
1050,3,1032.1879
953,5,1643.3527
905,4,325.60913
855,6,7552.879
192,7,3904.1096
724,6,965.4237
1016,5,4156.2925
208,3,495.6712
224,2,3333.4941
803,4,586.13824
655,2,4263.604
1534,7,4769.4634
560,4,321.92404
126,1,2886.12
1421,8,1412.4923
734,1,809.9047
1433,9,2076.923
317,1,1308.2994
781,2,3762.4087
1103,6,3634.5278
1370,9,4144.343
991,3,2130.0037
1455,4,209.57721
653,2,2215.8154
1229,9,3038.1172
59,2,1910.0039
336,7,671.3869
714,9,2682.1367
620,4,59.7566
1234,9,3324.5334
972,9,1354.5791
1524,7,2581.764
1393,1,1008.78815
885,6,648.9115
1335,2,3184.4368
251,1,3349.9546
1203,1,3296.4385
1500,8,4205.11
1163,7,1505.76
1146,5,5163.5273
590,7,909.9118
930,0,1323.8776
663,3,1430.6003
237,8,3039.1128
49,1,4637.3794
890,5,5817.0073
756,0,854.06885
527,3,1289.468
1474,1,43.097843
1028,2,1185.0385
1446,6,3433.5159
227,5,2488.03
1288,5,3530.9834
162,3,1386.2811
1080,2,1317.7395
813,0,882.3339
233,9,2009.4572
1443,9,1290.7659
1389,7,4050.3843
708,1,3569.536
1403,8,1991.6279
1387,8,2403.029
604,0,360.5071
389,3,3619.5308
1461,6,2676.1926
392,1,894.9886
1219,6,1069.2512
333,4,255.8
916,2,2431.202
1064,2,4014.0876
620,7,853.8116
321,6,2929.8347
1281,9,3563.283
975,0,312.09677
370,4,390.96127
332,1,2137.39
99,8,2079.165
1464,6,6294.097
1384,1,495.4286
837,1,1923.6106
432,6,1787.6909
68,7,1058.7498
1199,9,803.02264
1343,6,1422.0421
1286,1,2733.1982
1189,5,5431.357
223,5,2968.4697
1382,3,1587.4323
623,2,3739.268
444,5,2778.6868
1557,2,2852.651
1344,1,2748.6936
438,5,3514.1318
849,5,913.4147
1067,7,1879.3434
543,5,3285.7979
507,3,1695.3878
1011,1,6273.103
1512,5,2316.8232
438,3,1816.5186
1244,7,1371.5352
1157,9,3266.6877
1301,8,1274.863
1220,1,721.44275
567,6,2650.7322
845,3,3188.5796
949,1,2786.7754
1518,2,1901.3179
379,3,206.82333
1066,8,3397.7656
457,5,4535.3184
884,8,860.3257
1384,7,345.6199
645,2,1444.0718
989,7,941.7393
1362,2,4516.28
63,3,1557.3116
1268,4,437.39807
857,7,2906.9941
1380,5,3401.63
50,9,1116.2539
399,8,699.76685
1509,9,2553.7249
1335,4,457.71878
1028,3,1175.5793
92,6,3380.0198
90,8,3236.2065
1218,2,3879.154
486,0,118.07727
515,3,986.2952
992,2,2194.6172
308,5,3087.7107
44,6,4948.7393
630,8,4035.234
1024,3,628.5299
468,3,2139.7327
1155,0,110.18526
931,4,335.5357
697,7,5058.6323
445,5,4347.004
580,3,1397.3173
191,9,3591.5288
177,8,3045.882
424,7,538.7331
9,1,2658.9749
1196,3,2005.2618
1502,7,1768.4984
973,6,1094.1201
94,5,1475.2706
28,3,1020.89526
118,2,1532.5089
102,8,1459.5007
250,4,377.63092
419,1,1086.0442
1070,6,1828.0526
547,9,3421.612
1417,6,2384.8643
395,9,2673.7964
450,0,309.78146
85,2,2748.5283
30,1,1267.582
1175,6,1135.7717
731,9,700.3642
789,3,472.39926
729,5,3038.4697
928,4,244.9279
189,9,779.3145
131,2,725.7103
508,8,753.7228
1140,2,2030.0753
31,7,1416.979
826,8,4642.2266
207,6,3554.3928
694,7,1912.6304
792,9,1688.2809
1070,1,1386.9888
105,0,716.51953
1378,5,3238.7256
1183,6,4662.473
528,5,4373.9443
173,4,141.3546
1051,1,382.3661
602,8,1742.6057
313,7,522.27826
1229,0,536.8805
1033,7,2381.0266
1387,3,2347.6523
85,5,3706.9946
51,9,3256.0215
405,1,3648.9
1069,3,1610.958
1351,8,2576.6924
14,4,187.63791
444,2,1641.2816
1032,7,2651.775
1505,5,5102.8125
681,5,2903.3257
572,7,2765.504
1264,5,3799.5713
64,3,3075.3633
922,3,1976.1023
621,3,3232.9395
1220,6,1060.2732
885,2,823.3295
1045,5,4257.2686
487,0,182.56088
1114,5,1987.9623
960,7,4416.63
1193,8,1978.0115
827,8,2222.905
577,2,2200.1873
821,5,2948.2944
1157,8,3359.0789
789,8,711.7393
106,7,4854.9336
1520,8,3027.2666
844,2,2979.5818
1311,1,3203.2458
138,5,2350.984
658,9,3828.9292
828,8,2579.0044
729,1,3537.2961
1532,2,3805.4307
194,3,3617.5361
779,3,584.3839
1330,6,1541.689
539,1,1515.1542
154,0,49.88319
728,2,1955.5535
217,3,4791.862
1217,3,794.21936
793,8,4459.415
628,1,1103.8954
995,9,1407.3276
945,6,2445.9849
1534,9,4718.4927
395,2,3242.741
476,6,1165.707
339,6,863.86865
1440,5,2326.6619
1547,7,1738.0753
767,2,809.9269
777,2,830.9963
641,6,3133.069
730,4,493.25278
273,2,2657.683
1465,8,3616.004
1024,5,1355.7711
1366,8,600.5333
1323,5,892.7984
1043,1,4124.5234
1336,4,270.19745
173,5,3339.1038
459,3,1986.7928
888,6,2148.005
432,5,2562.5947
1160,8,2992.7847
1300,2,547.75073
1105,2,2826.0361
595,5,2504.665
1353,0,83.52868
1173,1,2191.0046
900,8,783.3209
456,2,2856.603
416,6,1845.636
969,5,5425.182
1032,8,2731.6233
4,7,2067.3582
1458,1,1377.2997
1333,1,2375.5603
1008,3,1605.4396
1432,4,420.00378
1073,3,547.3115
432,1,1296.5016
249,7,1197.9723
592,9,837.94507
645,0,131.52702
934,4,173.79384
210,6,2688.9583
476,3,1427.8756
166,7,1905.4722
393,1,1352.0924
644,5,2937.6643
815,2,1786.4156
856,9,2356.5925
917,1,2965.9275
287,5,2250.636
1504,0,172.10219
642,0,304.02332
503,6,1591.3978
1483,1,2107.668
972,2,1249.3549
1159,5,6048.224
177,7,2243.4287
1165,0,105.352806
259,3,1523.1107
772,1,2451.9016
1546,6,1829.5009
369,3,5026.8853
974,5,990.69916
118,3,1218.1553
190,3,2378.218
520,9,2528.1873
572,8,2676.4705
717,6,1265.4597
49,6,5196.207
1556,4,829.5677
299,9,2076.4229
595,7,1124.2832
517,1,1099.3933
112,9,2918.5034
500,8,4870.357
1277,7,1565.4248
83,6,1000.4188
155,5,3752.9941
240,3,4083.418
903,8,3155.1514
482,9,1135.9293
98,6,2687.4094
33,5,5308.425
961,3,3143.367
1329,5,3782.4192
167,9,3265.4834
1526,8,3179.578
387,2,3027.0413
576,9,4069.055
1124,6,501.53256
1365,5,4194.354
1254,2,3977.719
846,1,1735.0845
720,3,1568.9379
159,8,3285.133
1382,7,1398.704
471,4,180.4787
783,3,2686.3772
460,2,1788.496
452,3,2984.4412
374,8,2027.1661
417,3,512.75696
1306,2,5096.67
746,0,345.81805
1207,1,1629.5823
216,9,2265.124
1553,9,2554.0576
982,3,1664.5663
728,1,1668.1718
1091,9,1713.8074
76,1,914.03955
1278,2,3255.1702
567,5,3435.0522
1101,7,4393.662
1380,2,2633.5051
522,8,1260.1252
265,8,2129.771
1199,6,816.2059
1399,6,1150.8876
1367,4,593.3545
759,9,1988.6758
165,5,6213.137
1534,6,4432.543
826,2,3173.188
397,5,5966.467
1504,1,2118.6172
202,2,1330.6138
628,2,1251.3325
268,1,1537.028
1316,8,3285.0137
1004,3,1794.0073
456,3,2516.6465
1416,0,518.4218
1007,8,1680.9011
204,5,2359.2053
423,4,403.3224
1082,7,2042.3422
1436,9,2074.4785
1156,8,2463.9812
1006,8,1785.6547
858,4,214.8399
558,1,1824.458
945,1,2728.6558
660,9,1648.0764
1309,4,63.071377
592,2,446.3441
1062,2,1449.9524
833,2,3388.9287
1445,9,1581.7264
522,1,1769.1345
149,2,1723.9799
575,9,1274.5498
637,9,4113.249
1203,8,3317.062
300,8,2208.5706
199,5,2737.6768
373,4,217.25049
1305,4,235.11044
1108,5,3578.8132
1522,2,3755.1233
1354,4,156.79893
144,0,389.56665
872,6,1903.1599
1519,0,481.04767
1232,3,1184.3651
543,8,1757.2133
1250,5,6121.695
595,8,1151.8806
873,7,1514.5636
1556,5,9289.946
1163,6,1721.1741
369,8,4699.1895
539,3,1731.5897
1124,1,534.8757
61,6,2671.4204
133,8,2356.5962
1545,3,482.77274
671,7,1366.2292
338,7,3220.9226
827,7,2262.707
255,2,1327.4186
53,8,3431.5918
773,9,1048.2693
1497,0,127.902
615,5,6262.819
673,0,395.5791
547,3,2830.3997
186,0,368.81732
274,9,2424.3982
474,6,4504.468
1275,8,2408.6426
751,6,1501.7539
762,5,2796.7563
589,1,2632.2095
1021,8,1509.8839
870,2,1339.2393
349,9,3913.3118
786,2,1247.8468
800,0,627.5451
934,1,855.6218
136,6,2494.9517
530,9,3128.3457
796,6,2702.7566
252,2,1857.4362
1321,5,3925.8784
1475,6,2825.2236
342,3,1917.2396
683,5,897.0559
52,6,1887.4113
1267,9,1485.0492
639,3,2057.356
1092,2,1385.2247
1456,0,347.29926
1128,5,2040.4392
307,2,1877.6334
490,4,688.67474
1354,6,1517.6755
229,6,3131.1213
1061,3,2170.4385
274,8,3283.206
211,8,1587.3015
1433,6,2310.8193
419,7,801.34686
526,7,1633.1202
455,9,1221.2257
1295,5,3845.3599
221,2,853.293
460,3,1489.7037
108,6,4606.126
633,4,422.56006
1530,7,2444.6533
1478,2,2527.9211
899,7,1662.3262
267,5,6190.118
404,1,3082.141
115,2,1395.2056
1192,1,3366.2856
1335,7,2840.3257
1155,6,2206.3977
1274,7,2626.8115
758,9,795.43005
1102,3,2450.7266
1505,3,2670.7195
1480,8,1722.6736
307,6,1462.2434
346,2,3552.6448
474,2,4759.922
1362,0,628.6837
1268,3,2607.909
1415,5,3834.292
1193,6,2714.4668
1332,6,2332.2158
128,8,795.282
1280,9,1978.7725
355,7,1881.6826
94,1,946.45514
905,0,246.917
1183,9,3937.829
1350,1,1878.8177
707,2,2450.6643
1200,6,2107.045
378,3,1781.6332
1443,4,163.16214
671,5,2545.6091
535,3,792.02783
785,5,3781.7668
259,6,1861.5609
657,8,1722.0631
280,6,2114.9458
1094,3,3189.8738
734,2,789.6966
1325,2,2645.8008
1408,3,1531.3271
517,7,937.4767
1400,7,1194.4603
1317,8,787.17285
1183,3,3832.8293
1181,6,2458.6443
1023,7,2091.7395
166,1,2120.8901
260,3,1402.2965
598,7,3119.3875
1339,9,3663.498
1418,7,642.1337
1519,2,2405.436
1430,3,1862.5127
920,4,83.360054
209,3,2674.9521
1365,1,2337.606
1272,1,747.5616
213,3,2475.2954
997,2,1684.1692
830,6,1738.5227
346,9,2415.2712
1047,2,2801.4688
1152,4,337.5078
1376,2,4481.744
523,7,2152.2705
1161,9,4332.0815
1366,3,341.8755
463,6,1054.3772
661,5,2885.4253
568,3,2209.3533
980,8,1541.4869
1220,2,986.5626
1406,5,3677.4624
431,0,152.35718
1522,7,3665.004
466,1,2056.683
1045,7,3091.4229
1503,1,2624.8167
1437,8,1029.7604
679,1,2541.6978
1119,3,423.10632
828,0,313.41605
172,8,2449.6504
772,5,4300.057
449,7,1360.4926
452,6,3938.3965
878,6,2981.342
917,3,3819.6318
1173,9,1698.6456
1043,5,6088.2666
1523,0,112.816536
1409,7,1620.9475
1117,8,1617.0741
581,9,2869.2297
120,9,923.6287
122,5,5350.1904
177,9,2541.679
1259,0,235.99406
496,3,1249.9314
227,1,1558.9281
979,4,167.09273
1356,4,311.74994
309,1,2116.1213
1526,6,4014.2356
594,2,3316.286
1278,1,2543.7249
556,1,2938.5046
1090,9,2678.2175
308,2,3134.2898
551,4,232.14346
1097,8,1491.7937
182,6,4035.612
155,2,2319.6426
1029,1,1790.0729
666,9,3575.099
1303,7,459.0369
1200,1,2346.8765
1499,2,1356.1647
362,6,2357.5168
851,3,3872.181
417,1,758.02045
1237,4,105.072464
318,7,1331.4153
1016,9,4459.8345
630,1,2945.0544
1060,4,198.31206
1520,1,2709.879
1146,6,3960.1208
945,5,4307.6567
1380,0,577.1356
1299,8,2794.1572
352,4,333.24908
1114,4,300.7425
46,8,2052.4846
1113,6,3217.361
67,2,1316.1714
943,1,2482.8772
110,5,5506.7354
1184,0,540.65515
258,4,803.2592
692,1,3774.9517
371,7,1481.546
390,3,2586.115
294,1,783.19366
425,5,3120.3818
709,4,204.8961
1322,3,2399.0876
248,5,1475.2866
974,8,657.43164
1,3,2676.0857
146,0,397.9309
399,2,890.82385
1099,0,455.96844
734,4,87.999504
1404,1,3242.6016
422,7,5097.669
1505,2,3151.7375
1371,2,841.6318
1251,7,1579.564
977,5,3384.295
1317,7,686.46564
1361,1,1912.9888
1352,7,2684.878
871,5,2762.172
1140,0,386.8948
221,5,1190.9067
425,8,1829.3031
589,0,509.17828
779,9,1039.7996
132,1,1601.259
498,1,3748.3435
402,5,5461.157
1042,1,1259.9955
383,0,394.23486
545,3,682.91113
1270,1,3175.5454
311,2,548.3454
1557,7,3066.5356
732,5,3780.4526
1186,9,4127.046
203,3,2774.96
1518,3,1961.6814
524,2,707.4573
173,9,1752.914
415,6,3079.3262
1389,3,3689.1982
420,8,3829.86
448,1,727.2246
1306,9,3407.5496
454,7,2106.96
863,1,3066.8608
440,5,2700.5603
302,9,4216.8438
221,9,646.81476
1476,8,3679.2344
1154,2,872.39343
1040,9,614.379
150,3,1601.2275
458,2,627.7189
1484,0,223.98651
303,0,422.35632
129,6,2942.812
1361,3,3164.3345
1413,1,825.1384
1287,7,3521.47
863,6,3578.9158
1248,9,3756.4524
524,0,119.44139
65,2,1197.7494
1558,6,3120.3638
333,2,3126.9966
870,7,1242.5715
144,4,218.23181
723,5,5088.8145
1099,9,2235.9739
1363,9,1386.8546
1370,2,4248.2783
939,3,2442.1096
873,4,143.66992
1356,9,1167.7585
275,7,547.4254
33,1,3148.4485
1068,6,2848.98
507,0,307.73724
1123,7,4314.629
941,0,282.68637
484,9,3863.6526
1173,7,3231.1187
1040,7,541.1762
126,9,3307.516
960,4,228.60617
499,3,609.71796
1210,2,4944.601
1006,1,1771.7673
669,7,580.119
745,9,1691.3651
516,1,3545.5107
280,3,1789.202
1213,7,4147.762
850,3,3660.3867
383,1,2235.8894
296,7,1324.7396
864,2,2326.4646
60,5,1965.2178
1129,2,2557.4653
133,7,1945.8218
1100,5,4038.8606
212,9,1903.1277
642,3,1261.6354
342,5,2930.7888
74,2,994.17816
954,9,930.7253
1314,6,3251.4531
735,2,3477.5554
238,1,3281.0322
1239,2,1290.7357
310,7,3659.3335
1012,2,3033.0562
1044,2,1148.6559
1545,1,521.26807
1367,8,2564.893
70,9,1123.3181
963,8,2759.1455
1062,3,969.85895
1026,7,2100.1885
686,2,1457.9442
1148,6,816.5296
348,3,1908.0437
1424,1,2764.846
1023,5,3527.5925
1233,4,534.99243
75,3,1048.6709
1548,7,2363.4238
62,1,4862.532
1287,9,4420.4844
1517,7,5834.5444
1252,4,604.18
1428,3,1965.6425
1437,7,859.99304
1524,3,3514.699
1420,8,4287.1094
204,0,1.9439963
114,1,2162.5593
25,7,2530.9426
1078,0,-36.78537
597,0,308.47736
973,3,611.1652
71,5,2021.7421
757,5,3403.1484
319,2,3061.5706
1260,5,3666.1335
357,0,324.97665
409,7,3647.3416
1347,8,438.8006
951,1,604.0244
982,8,2441.8503
313,1,657.42456
1079,7,2198.9587
1497,7,2227.4375
1332,5,2663.7302
309,6,2247.1719
422,9,4758.649
482,2,1207.4094
939,2,3308.956
136,1,2231.8818
297,2,3087.785
238,6,3539.0818
1193,1,1868.203
99,9,1820.2427
320,9,2604.582
991,2,3119.0188
1411,5,3395.7698
576,5,5972.4077
578,2,2182.9744
1360,6,2051.4897
1241,5,7036.1616
186,3,2308.8801
1470,1,415.25186
956,6,3869.04
100,4,233.25922
1488,8,3974.101
1017,6,3193.6892
63,5,3789.812
1329,1,2774.0032
185,9,1526.2053
1031,0,431.39438
1492,7,2895.1956
1485,7,1840.9803
692,8,4797.3687
586,0,118.81547
1196,0,390.6255
505,9,1568.5676
940,3,1395.2372
1290,0,303.83978
691,2,1949.8059
507,1,2028.3518
777,3,615.00073
118,1,1418.303
1239,6,1594.3512
258,6,1702.8167
1128,7,985.2811
1242,1,1212.4475
588,1,1557.6089
693,9,889.0816
103,2,2203.0337
222,3,1910.2327
1255,9,4010.6567
476,5,2577.2432
1001,2,3613.813
316,0,282.94678
209,2,3147.8809
193,3,957.31976
1426,1,1899.6195
586,2,638.55005
91,9,2738.4736
315,7,1206.2516
1081,6,1817.7827
22,3,703.2708
447,5,3998.3994
1524,5,7560.0747
852,3,1378.1965
396,1,2583.8374
1545,4,87.23392
493,3,3542.2249
835,8,670.9559
322,2,1470.0361
684,4,314.05295
43,7,3188.587
48,1,681.74457
1421,4,168.89517
228,5,1570.5474
535,1,857.1332
686,1,1363.0358
1128,1,1132.4391
939,4,500.85214
1024,1,625.7571
993,8,1037.5891
1014,8,3519.8179
1446,5,5314.792
612,5,4605.6035
68,5,1265.095
980,2,1428.9017
1079,2,2528.9214
806,7,2052.8777
1342,5,5211.6406
106,4,469.66296
253,6,1667.3525
1541,4,302.5662
1509,3,1758.1293
638,4,367.4507
25,5,6407.5103
948,8,1407.9447
816,3,1909.2316
356,5,1015.4693
1401,8,2261.096
87,9,3036.693
1328,2,1709.3365
1374,6,1979.9678
787,4,295.42422
492,1,2804.9294
1130,5,3255.56
170,8,2616.1235
534,3,2010.9343
1005,6,2264.308
899,8,2101.4736
285,8,3257.7322
628,5,1864.6632
1012,3,2874.8284
799,2,2327.3472
107,1,757.2637
190,9,3422.2688
61,4,486.04468
965,0,202.12154
798,4,270.8341
909,3,690.0789
1092,5,2326.37
478,5,5281.3228
1514,2,770.63306
56,9,3799.7744
918,1,416.2792
713,5,3689.7292
760,6,660.16815
1250,6,3995.8022
1273,5,6125.827
993,2,934.0352
689,2,3401.2112
471,7,1415.3545
650,4,215.9237
1486,5,2680.0894
232,7,3929.2297
237,7,3339.167
1261,1,2249.287
1369,7,2490.7578
1476,7,3593.5308
333,5,4136.753
1010,9,2011.9407
344,5,2219.6096
998,3,2907.401
186,2,2532.4126
1104,8,1303.3503
88,6,4627.4346
948,6,1008.37067
600,3,2902.163
775,5,4901.68
511,8,2713.3738
809,9,742.01874
1552,1,5681.3677
335,2,1144.2668
362,5,3249.217
268,9,1376.1874
1213,1,4994.255
1534,0,1524.7139
1025,1,2374.0476
954,8,805.4412
16,4,49.182518
782,1,3350.7754
1399,2,1141.5316
1293,1,435.74606
420,5,5364.7227
1465,9,3067.8167
638,7,1968.2994
288,4,148.28087
676,5,6571.7305
230,3,2103.7197
1376,6,4100.0293
1512,4,162.05704
1137,1,2765.032
219,8,806.2253
256,9,2920.2898
1425,3,432.757
190,5,4033.7214
1452,2,3451.9875
1476,2,3493.517
686,8,1042.3965
408,8,3854.6704
331,5,1323.3947
83,1,918.9823
72,3,2465.524
691,6,1982.7338
569,9,2469.7712
748,9,3616.0525
637,6,4468.56
300,2,2225.2744
614,2,1219.4863
939,0,554.10956
424,2,771.92737
1385,6,5172.0664
93,8,2506.4155
1048,8,786.0529
945,7,2902.209
1208,7,3077.6177
259,2,2223.0667
1447,1,2352.6252
713,7,1982.9556
1070,3,1828.3893
1289,8,1585.5098
554,9,2886.6287
535,2,1146.8147
1027,2,1784.4619
121,2,2264.5042
1069,2,1904.7174
1188,6,2053.988
219,5,1464.3154
1015,7,2605.247
1260,9,2000.6199
704,9,2316.7954
901,3,2251.2092
990,0,504.62372
270,0,200.2452
1080,0,170.81169
755,0,411.69138
235,4,435.33755
1458,8,1720.0876
293,9,3620.7043
496,7,1304.5745
69,8,1216.6682
720,8,1438.8018
395,8,2975.8403
636,5,2728.039
622,1,2108.4897
1252,1,1395.5012
642,5,3184.7163
1205,2,1799.4716
1397,7,537.1097
1146,0,488.47763
38,2,609.89044
685,9,5521.587
650,9,1403.1583
215,9,1489.9763
1177,5,2430.02
173,2,2612.4517
1537,2,2648.7979
317,3,852.9893
1124,4,-22.116995
237,3,3185.3042
1101,6,4133.7847
1074,8,2805.4722
1178,5,7836.5947
1051,7,451.0766
719,1,2291.6633
765,5,2522.6157
1311,4,289.76404
281,6,2587.868
542,0,393.80954
32,3,1017.57666
697,6,5031.553
52,5,2923.0942
561,0,302.3876
123,7,2307.3855
507,5,4679.53
1549,7,1249.8104
1382,1,1917.6458
1229,3,2519.4832
644,9,2042.4039
715,8,2892.7322
1371,7,670.1656
96,7,2862.6306
749,3,1787.9434
385,1,1983.1058
1154,4,203.32101
1379,7,2806.6323
521,1,2536.504
510,7,1480.375
1179,1,2148.3513
50,7,1181.988
392,7,1116.9116
1226,4,256.60013
754,9,901.4299
458,1,723.96545
151,0,540.3815
1091,6,2268.8894
189,8,673.8895
1313,6,2476.2373
247,4,908.603
276,1,927.0868
161,1,3039.2444
574,6,4731.697
1395,8,2723.2893
1497,6,2248.2903
1103,3,2766.2112
1344,6,2543.0227
341,3,2262.5342
360,4,291.40042
1213,0,982.0963
392,4,284.74982
1149,2,4945.827
222,9,2642.3774
373,1,2376.7266
342,1,1770.5604
947,3,2819.6846
1250,2,4554.202
719,6,3130.601
650,5,2218.4878
58,2,3955.3943
1195,0,132.07039
121,5,3697.5151
888,4,327.7495
47,5,2379.9949
743,7,4872.6377
916,9,2052.1482
979,5,1032.3323
567,8,2674.2344
669,8,739.8811
352,9,775.6965
206,1,2459.0059
342,2,2336.6213
1145,6,3740.009
1331,9,3675.1604
447,6,2374.5483
1372,1,3398.5034
888,9,2355.0334
475,3,3287.3384
995,6,1618.1368
470,2,3434.8428
106,6,5659.261
230,4,326.5739
1168,9,3407.3145
652,6,551.58215
1359,0,917.0517
139,2,1395.2418
1458,3,1356.4589
114,0,-67.455696
967,1,3506.1096
851,6,3185.991
694,8,1794.088
236,7,5738.518
1553,6,2029.1804
374,0,444.4897
1233,2,3583.2073
1507,3,2099.995
1524,1,4689.146
1395,5,4524.701
1058,5,2808.3135
1079,9,2686.852
491,5,5933.3916
697,2,4606.8667
682,8,1836.0507
1266,9,1924.117
1419,1,1206.6991
747,1,655.7388
1282,6,1730.9987
282,7,546.89545
127,0,111.22267
418,5,2867.7207
345,5,1905.316
333,6,2586.9812
1484,1,1606.8092
1362,3,3684.5757
494,4,224.85078
680,3,3457.425
1001,8,3274.8225
470,0,505.26028
1285,3,935.78076
1285,4,327.01825
1296,7,4738.7046
1011,6,4294.1978
1165,6,525.3089
861,9,3520.9082
1441,1,637.142
799,7,2500.6248
1491,9,3573.8281
696,9,1017.0189
336,9,942.10266
679,7,2880.6165
431,6,1152.788
579,1,1638.3214
887,4,276.53522
581,0,158.08846
224,5,5084.0854
723,9,3575.9104
1246,9,1698.3011
918,5,1022.5812
269,1,2021.1165
761,6,723.3038
54,3,1120.2188
738,3,1290.1387
389,5,5035.999
675,7,2750.7576
543,7,1886.0892
251,7,3578.8684
513,4,420.26657
352,6,1373.8228
840,6,5184.4487
1108,8,1898.9706
874,9,885.5116
1107,0,439.46027
1009,8,3065.4917
373,3,1890.9036
1544,3,2841.9548
305,7,5801.612
1123,2,4659.538
1318,1,2343.2993
1255,4,853.72784
1097,1,1227.8079
285,9,3941.2363
73,3,1321.5715
172,9,2549.344
1330,9,1861.7257
357,6,1970.4628
771,5,2750.0413
1310,2,3118.051
1472,5,4521.7114
733,4,250.50868
726,6,781.4647
1461,8,1651.3593
1399,8,1212.0145
461,5,2534.831
49,8,3668.029
522,6,1424.2728
785,1,1931.9967
670,2,1620.2418
1452,8,3190.9385
525,9,2080.1099
735,5,5271.3574
26,9,4506.866
996,7,1254.5421
598,2,3376.5325
1537,8,2686.558
1246,1,915.2467
1446,1,2789.8442
515,6,1362.888
545,9,737.81464
1287,2,3048.113
874,3,811.20825
1217,8,995.0814
299,3,1467.0007
1546,2,2447.0935
194,7,4208.25
368,6,3429.1023
1431,3,1698.115
262,5,1885.6134
1064,7,2824.0242
1260,7,1190.1199
124,8,3303.8022
132,3,1293.7648
784,8,1346.2417
136,0,252.68538
1301,6,1995.5757
185,3,1325.2633
1531,5,4040.8254
1551,9,1120.2107
828,5,3996.5842
1094,9,3212.198
684,2,1212.0146
874,8,886.72986
906,3,2180.7349
607,9,3003.3389
46,3,2021.6959
155,3,1774.0807
1298,9,1832.5155
479,2,704.55316
1324,6,3162.982
144,6,2658.8892
1480,7,1790.7847
217,7,4887.4053
323,6,1931.4999
274,7,2420.893
624,3,2198.337
332,9,1736.8967
1084,7,3821.7246
16,5,2230.6562
1552,5,5283.6875
683,7,542.5399
837,6,2486.1428
1022,4,120.752075
1198,8,4499.3076
1046,9,2902.119
731,7,728.6527
970,5,3156.561
835,5,1643.1799
1081,4,243.75414
1000,9,2345.157
550,7,1504.8038
40,6,2302.824
794,2,3155.889
499,4,228.41342
907,8,1405.6293
1034,8,2832.6177
1516,8,1694.6584
1138,8,2949.854
489,3,1746.0261
1226,9,1443.4683
399,1,646.47485
640,3,941.8607
408,5,5984.7305
459,6,1966.3867
661,3,1280.1982
1013,6,2686.121
1342,8,3882.3223
640,7,937.1598
1329,0,57.507343
604,7,1976.9795
941,4,243.25797
1065,1,4422.3237
226,6,2134.3948
316,9,1827.1871
135,8,616.97235
1156,9,2284.3613
782,9,3146.7168
1176,9,904.73315
782,7,3396.239
79,2,1658.5765
1191,5,3497.4685
909,7,876.56
834,0,408.6838
4,3,2390.7124
884,6,1069.4966
805,7,2329.1155
1313,1,2315.8274
1151,5,4400.392
877,9,2372.816
102,5,2215.0215
669,2,807.33826
235,8,3441.2197
784,2,1439.8167
105,7,3243.1643
42,3,574.25555
1300,4,174.6769
1087,7,1095.7734
1513,5,4272.5386
1372,6,2719.1362
91,5,3647.8494
19,2,3213.911
634,7,1888.763
1255,3,3349.337
238,8,2886.8054
387,9,3111.4753
742,7,3508.812
570,6,3941.8901
1259,3,2576.332
1215,9,2840.3486
197,6,3474.5322
864,7,2527.047
1014,9,3693.3457
431,8,1035.246
766,1,3991.7146
498,6,3395.053
1112,1,4284.38
1394,0,548.34546
908,5,5750.413
555,1,932.981
715,2,3610.023
569,5,2942.2224
1375,7,637.0914
599,3,1542.5504
166,9,1787.3375
1195,3,1063.4856
755,3,1881.3275
611,8,1809.9983
11,9,3086.6597
1481,2,1863.602
287,2,1559.3059
1512,1,2591.7158
1121,8,2667.8403
1549,5,2976.7646
1347,1,509.51218
549,9,1082.0665
1467,7,800.04095
1322,9,3061.197
55,0,209.46338
313,8,668.5768
1398,5,4118.298
930,2,5373.5215
852,6,1046.0752
56,2,4595.8296
924,6,990.8107
1191,1,3321.857
684,6,1227.6985
1242,4,208.50224
1450,7,2194.6658
1295,6,753.6137
869,3,4482.101
135,3,524.43933
5,1,2661.5374
759,5,3383.6729
3,3,2528.301
857,8,2685.1572
1398,0,468.67935
1314,5,6069.578
1511,5,3174.3484
875,9,1488.6167
686,6,1191.2925
1253,1,1573.1812
534,9,2866.203
4,5,3687.5908
1065,2,3773.528
599,6,1614.4796
1224,6,2922.065
1467,5,1142.5143
768,2,2234.7075
1184,1,2033.5375
1245,9,3455.507
1435,6,1173.2168
838,6,3194.0771
640,9,854.8361
888,1,2377.578
1232,1,1074.1874
1230,4,1064.7152
306,0,244.34303
655,9,2623.1743
1524,8,1567.0155
1185,5,1920.8436
521,4,877.2638
627,9,2534.0237
1528,5,1961.8682
162,7,1855.4792
175,4,107.67878
1224,2,3082.6865
1280,8,1886.2142
590,8,1008.6291
707,4,434.96762
1446,8,2086.2585
834,3,1918.1034
113,7,4904.9624
1047,8,1635.2711
495,0,287.84402
392,9,1341.8208
1321,3,1654.1111
654,9,2840.7632
1445,6,1625.338
1541,5,1283.565
616,5,6936.176
1269,5,6326.3154
347,3,1259.5865
1197,6,4961.3276
1336,5,2542.2947
703,7,2547.3022
763,3,1362.1475
618,5,2563.9924
515,5,2404.6855
432,0,176.48294
106,8,4595.4316
1519,8,2768.3145
364,9,2385.3513
612,4,122.56035
655,3,3457.353
96,9,2787.4968
624,4,143.73553
157,7,3245.6257
1275,2,3305.8015
1343,4,151.47903
860,8,2647.4214
538,7,3658.8577
1551,1,869.5287
987,1,877.2764
1326,7,1653.5999
122,2,4121.1763
439,6,1523.542
1219,3,644.3205
1537,6,2654.38
1148,5,1806.2333
1123,8,5219.6704
1519,3,1846.9159
1485,2,2303.3857
485,8,2801.8406
1555,5,4536.9375
1364,8,2110.8796
1135,5,1768.7106
1271,8,2577.867
248,9,747.06464
15,3,1754.256
1117,1,1213.7689
240,7,3537.5757
236,2,7574.4883
548,7,2597.9087
11,1,3050.9841
1080,4,306.6157
1500,3,3555.9958
2,7,2519.7434
839,4,354.63235
116,3,464.26978
183,1,1280.7904
1293,8,629.4613
20,4,287.3633
1313,9,3593.7463
943,7,2964.1086
1497,1,2245.0637
889,8,3219.816
593,3,1087.9484
763,2,1713.3005
271,3,1328.0391
502,0,278.29056
1233,8,3881.077
1492,1,3057.9858
830,8,1601.1509
196,0,165.42181
1263,1,922.8846
198,8,3411.1997
242,3,1274.8356
1112,6,4738.5454
549,5,2216.0806
32,5,2339.3252
174,2,1271.2021
925,7,2294.5437
742,6,3788.1685
1039,6,1560.8809
897,5,2962.1301
1199,5,1700.1705
1317,9,1104.7632
389,7,3512.7898
879,5,4026.851
353,8,1333.1587
1229,6,2237.337
1251,1,1535.5247
833,8,5838.1943
410,3,261.32495
1308,2,2755.3557
1247,8,912.21204
428,3,2599.6843
65,1,1349.3555
1252,7,1250.6908
1020,3,2022.4824
1223,3,1844.423
421,2,2598.2522
1315,7,1465.4862
1201,6,2754.2065
205,1,3509.4902
883,6,3376.4692
907,9,1356.6993
1161,5,5179.6367
1452,3,3256.55
840,1,4617.2124
60,7,919.74084
224,8,3380.811
1288,3,2159.273
355,6,2136.1584
239,4,682.581
1179,8,2459.7114
401,8,3284.5745
583,9,3319.7878
809,1,701.4078
660,6,1474.716
1074,1,3458.5925
278,6,2201.9644
1145,0,1359.0647
945,8,2476.7756
134,4,437.68344
198,0,626.8635
664,7,2690.0227
234,6,2696.983
541,7,3285.3528
1016,8,3596.6047
870,9,1521.2396
1000,4,658.29584
68,9,1005.018
280,5,3480.8972
775,8,3827.8042
373,6,1993.0306
291,0,463.40036
1181,8,2180.535
674,6,1738.3762
1046,6,2890.798
1067,0,146.55792
523,9,2884.3042
203,6,3312.555
642,9,1789.7656
1054,7,2211.467
806,9,2547.4868
1300,8,751.27374
72,8,2039.6339
827,3,2223.1165
1294,5,801.14813
502,8,2212.5989
402,6,4017.3208
6,8,1810.4255
1173,8,1831.1694
1156,7,2550.5603
237,0,298.85553
955,6,2333.4211
1102,5,4301.4043
936,2,1522.9095
926,4,589.1398
1484,6,1967.8665
718,6,3558.7332
154,8,564.84546
723,6,3473.6863
89,2,1364.8073
313,3,363.29013
1489,9,3995.137
812,7,640.8086
1016,1,2408.501
276,8,927.5506
758,6,764.24713
1394,2,2097.43
590,6,673.3012
349,3,2472.223
1469,1,416.4684
1298,6,1763.0536
449,1,1419.9321
314,4,512.99023
267,9,5074.393
1231,7,1836.5767
617,9,1648.8916
371,1,1494.1755
1085,2,627.7708
1209,3,800.3532
72,5,4692.961
137,5,3620.2852
840,9,4350.655
793,5,6796.099
100,3,5717.74
1500,6,4513.8154
1512,3,1978.7775
1284,5,3583.3154
1216,3,1367.4705
928,2,2838.8909
285,4,48.658775
658,2,3909.0635
1427,0,523.1252
1255,7,3549.8896
902,1,4644.0327
492,7,2018.3024
164,0,478.59177
1547,9,2146.8777
375,9,3158.652
393,0,179.25014
204,8,1292.9769
66,6,772.27344
919,9,950.196
1333,6,2657.7869
862,9,3703.3618
475,6,3126.4622
1224,7,2337.026
624,9,2483.9424
6,7,2045.6791
1485,1,2184.5847
1497,9,2534.587
1303,1,374.8359
1172,9,1831.9713
1451,9,1058.5681
169,1,2605.2551
800,1,3401.6895
346,5,5311.3438
938,1,1995.0841
1517,9,6335.5664
579,5,2840.2134
1357,8,1204.9509
478,7,6288.1895
1133,1,1769.6239
1057,4,806.2439
138,8,1546.4896
1226,7,1399.1155
755,5,3128.5164
256,2,2998.7336
928,0,342.59756
1419,5,2225.9507
864,5,5070.1655
104,8,652.17523
1160,9,3020.0598
1122,0,564.2501
738,0,360.65967
1448,7,1153.6522
1376,1,4492.5244
750,1,2908.3403
352,1,1519.9192
597,2,1480.5011
258,9,3235.5564
98,0,611.5787
287,3,1229.6161
1416,9,2499.2766
260,5,2769.4253
1424,7,3230.6384
789,9,680.22235
488,8,2184.3362
664,0,438.5213
100,5,5022.5957
972,7,1113.5948
133,4,218.39789
281,0,320.01346
1079,8,2328.4995
501,8,1448.035
122,9,3680.8928
1423,7,549.20166
998,9,3814.8252
1015,3,2888.6536
513,8,2042.4296
625,9,1140.7552
1358,4,277.6129
644,3,2282.5332
758,7,786.14056
1298,0,206.7222
682,2,1637.85
1191,9,3306.9172
1005,8,2340.823
367,4,330.67203
757,2,3146.8503
181,9,2894.701
22,5,2388.6064
1098,7,975.903
1227,4,371.64835
1218,5,6355.4995
1411,9,3363.1597
394,6,2596.3757
892,6,3540.2427
1101,4,366.07425
1252,0,149.93199
729,2,3335.354
1377,1,176.11786
1516,1,1487.1426
762,2,1485.7976
766,4,609.35645
443,2,2343.2612
1437,9,1186.0485
555,9,894.97577
263,7,1429.1544
360,2,1539.2294
724,2,859.01074
912,5,7561.105
1154,3,865.9619
778,1,2133.3923
255,0,155.51607
933,4,684.49414
428,7,2339.617
1078,9,1365.3918
0,5,3127.3223
1039,1,1249.1681
21,1,2333.3171
46,5,4885.4966
1136,2,1274.6621
100,8,3851.569
346,7,3373.5562
325,8,2074.6267
425,7,1919.6929
922,8,2643.6394
13,5,5693.3057
404,6,2155.8628
249,8,1550.0042
1041,3,2840.955
233,7,2085.706
1035,8,1775.1094
163,4,222.05234
245,8,2463.6377
1005,9,2370.116
331,1,995.4003
873,1,2559.309
1069,5,2740.381
542,3,2069.7822
638,2,2068.8801
1093,1,1815.3073
1247,1,695.9137
337,3,1068.8425
1284,0,156.98251
975,8,2192.3457
607,2,2535.1584
1553,2,2170.7583
409,0,176.3405
586,3,632.73956
312,2,1871.788
700,1,1074.3995
1413,5,1248.8983
1096,1,1036.0286
205,8,3238.6128
1237,1,1542.7239
1174,6,2115.8503
60,2,939.6985
671,1,1570.8918
1029,6,2110.8567
80,6,4387.187
442,8,1995.7727
1208,1,4756.317
326,1,3860.7327
1150,3,573.28674
268,3,956.4653
879,8,2375.5
1162,2,5142.441
475,8,3623.846
477,1,2323.5144
127,1,1007.35596
1334,5,4154.181
1187,1,5032.5107
278,5,2966.1194
624,8,2138.2266
37,0,366.32132
1046,8,2804.3713
88,1,3859.3843
1019,3,1938.9567
718,2,3849.6726
1275,3,2781.9954
454,5,2261.645
1225,6,858.5981
1554,8,2026.893
1265,6,449.6923
193,9,1109.6772
684,1,1152.391
1324,9,3803.7717
1541,3,807.3406
251,8,2797.5842
561,9,3152.741
822,9,3478.7175
1220,7,806.4269
717,1,1166.5674
915,8,2008.8688
122,4,644.40393
1160,5,6094.8237
95,3,635.6357
1449,8,4422.6567
1079,4,328.38916
85,7,2361.3748
143,6,1925.2183
869,1,2760.35
24,3,4741.8447
1098,9,1100.0741
836,4,401.12396
343,1,1157.8895
469,7,1695.9463
777,7,559.0752
1178,2,4142.3813
1498,8,1350.0203
21,2,1888.126
26,7,5226.6904
514,0,375.90216
1549,9,1613.5929
6,4,152.41118
1289,7,2668.7678
628,7,1358.5902
52,9,1736.787
1036,5,3671.624
1051,8,554.73376
396,3,2294.8115
1035,0,573.577
505,3,1488.6084
782,2,5608.5796
239,5,6080.4033
381,1,2706.798
968,3,3149.8613
942,1,2570.4375
1314,2,4126.763
954,1,1018.7505
865,0,147.763
1170,8,2247.5906
964,7,2195.6265
347,9,1577.893
66,2,930.4881
87,8,2409.6401
258,2,2707.0054
764,6,2885.6
265,2,3752.4167
967,7,3313.7046
537,0,192.94308
533,2,2497.0483
1121,1,3165.7407
1346,9,3303.1758
348,5,3609.277
1056,7,1428.0743
663,4,250.19899
648,1,2699.3616
168,5,4479.46
433,2,4872.6904
1087,0,-9.547992
780,8,1686.5713
1392,0,193.77615
129,8,2346.8044
1055,5,2760.258
30,6,1105.0322
888,0,175.43509
1549,3,1382.0502
1509,4,247.58247
125,8,3601.912
1064,5,5449.555
666,5,5862.255
1423,9,489.42358
962,4,164.84732
618,1,1284.2057
151,8,2304.6262
1284,6,2666.6685
1387,9,3955.0842
1283,2,814.1073
199,2,2154.4578
1273,9,2997.9917
1484,9,1955.2267
236,9,5373.968
568,4,63.138058
326,6,4696.1904
1478,6,2667.7256
1262,7,3208.306
481,2,5187.0244
785,8,2351.4028
389,2,3309.4155
1087,2,1457.8285
1462,0,147.25012
1160,1,2757.5562
334,7,4185.3857
662,2,1793.0924
710,2,2046.0796
800,7,3157.1863
631,0,201.99857
508,2,829.3198
479,7,1049.9779
474,5,6022.4897
1161,1,3670.7014
886,5,3048.9966
9,7,1788.8201
456,9,2820.522
653,1,2490.7812
1061,7,2194.161
1356,1,684.47546
1543,0,-7.839523
733,3,1711.8046
1257,7,1358.5791
449,0,215.14359
788,3,3187.261
880,6,2585.649
673,2,3443.106
450,9,1934.6221
376,2,1932.6238
520,8,2090.5728
426,0,203.71332
239,8,3700.7397
547,1,3972.1982
1513,7,2675.803
1291,4,739.9477
1271,9,3143.2002
242,8,1668.9865
246,1,1249.4065
1378,1,2203.0781
185,6,1829.4243
1067,2,2281.7202
1318,7,1833.8452
683,1,592.5421
1182,7,1050.3807
245,7,2274.8586
1185,8,1389.1719
1330,2,1618.8124
182,1,4075.6523
1323,2,569.54706
603,9,1648.2639
1457,3,2955.7078
257,2,3223.9436
758,5,1477.3319
684,0,122.16201
706,9,1497.1869
962,1,665.0828
927,5,4455.158
1218,1,3540.0327
776,0,458.096
1002,7,2984.7324
279,9,2722.3953
1337,1,1379.3547
916,0,376.13263
397,8,3148.3484
1148,2,734.90436
291,2,2636.873
1109,1,3145.8408
584,2,2015.4694
1263,7,514.54083
1334,8,2625.4575
1460,9,3418.3254
1070,9,1751.5875
473,5,6056.348
834,4,377.46347
1027,8,1350.3206
229,2,3494.7583
1253,5,3135.238
1425,9,697.1779
1255,1,3859.9158
670,4,328.8533
819,1,2620.551
859,2,811.008
95,5,1748.2399
86,2,1723.6036
225,2,3832.332
759,0,117.4793
841,9,1423.6952
1190,4,368.012
243,7,1418.4532
140,6,3749.285
1548,3,2515.226
842,8,2179.6042
790,4,252.31723
1457,6,2750.3425
507,8,2615.2612
329,3,1477.6948
641,8,3266.7612
1216,2,1828.8563
1277,3,1773.1152
969,8,2499.6394
752,9,4441.3022
37,7,2784.8904
619,9,1450.2361
1017,8,2740.2788
881,8,3114.5923
721,6,1487.2288
1530,6,3881.651
741,8,832.872
1472,3,4732.4873
145,1,837.0499
938,2,1812.3624
305,5,5761.5
208,1,765.7375
764,4,270.79395
1451,8,1126.956
935,2,1470.4453
726,7,701.3502
178,8,908.25665
1359,3,2828.606
1147,7,1740.3972
1296,9,2347.5847
678,5,3333.959
600,2,2408.3955
46,6,2565.0024
1072,6,1505.8606
1149,3,2864.9453
218,9,2686.7563
1203,3,3736.6956
1274,9,2985.9387
170,6,3402.9634
171,7,2565.4927
778,6,2377.706
992,7,1902.0361
988,1,1681.5194
977,0,544.33295
695,6,5691.1787
1069,4,133.03316
218,1,2398.957
596,0,505.67224
1417,7,1823.511
434,7,3106.033
1289,4,1.8055768
438,6,2019.8145
605,2,1260.5844
289,6,1926.6095
1517,6,5838.45
287,7,998.6193
749,6,1381.1124
794,7,2442.566
640,6,929.3292
1492,0,748.161
638,9,2379.378
72,0,296.36084
1305,1,2031.3865
400,1,2169.1396
234,0,233.38573
875,3,2700.22
665,0,454.2231
618,7,1216.3593
720,9,1999.3092
1409,2,1507.0178
439,3,1363.0812
607,8,2790.5715
1204,2,1767.0557
84,8,1050.2491
1538,3,1635.1066
356,8,781.9317
722,7,2737.8782
29,8,1313.2408
1078,1,945.63135
378,8,837.2783
725,4,322.4688
47,2,1617.6886
966,9,2439.726
760,7,655.52356
167,5,4974.5728
1209,0,305.1777
279,5,5162.8423
686,3,1277.3959
982,0,205.28662
291,6,2052.3716
1283,4,100.55736
670,7,1126.4296
287,1,1538.6204
1106,8,984.463
131,7,608.12537
1137,9,3473.3398
24,9,3445.6985
329,4,470.5954
679,6,2734.4458
8,9,718.8784
1370,8,3331.7126
999,1,800.4622
226,1,1324.4912
877,7,2150.0942
864,3,2993.7463
1134,5,6484.362
277,1,1979.0969
1310,9,2467.4404
1372,9,3189.487
26,2,3945.833
354,3,2067.7031
112,4,748.7444
197,5,4672.739
794,8,2493.456
1187,2,5392.473
409,9,3433.771
626,9,1757.6353
1336,9,1472.5231
309,9,2569.5405
247,7,3330.2144
74,5,1695.0194
679,3,2388.2131
254,7,2148.8826
102,4,169.94276
309,2,2324.3757
234,1,3533.991
1202,0,726.3096
1166,6,897.0736
923,0,489.54892
5,3,2256.7014
587,6,3633.251
663,6,1774.8058
577,1,2403.429
705,5,2334.479
274,0,401.39722
1225,5,1688.2676
1089,1,2118.895
1124,9,765.374
1172,3,1384.0306
183,2,1173.2914
255,3,1140.9048
693,6,937.4144
1558,1,3859.209
1199,7,754.673
1096,7,1286.4141
324,2,2982.1855
33,7,2369.225
1368,2,3750.9197
931,6,2493.7173
353,7,1299.6208
1260,0,144.6492
215,6,1693.1332
361,0,26.681108
714,8,2909.398
187,8,3953.021
1393,6,1686.6503
518,4,136.953
141,4,284.3176
394,1,2278.4226
1503,3,2204.479
597,5,1565.1973
1273,6,2678.2844
524,6,631.0374
205,4,355.8284
856,6,2965.891
1239,8,1290.1226
44,2,4853.7666
1508,2,3497.327
1347,2,688.4896
2,6,2301.6628
1293,7,539.4819
345,3,527.7271
1412,3,2014.7596
243,9,1379.2524
1036,6,1723.711
852,4,430.05627
1455,9,2879.4016
266,7,3311.0996
1393,8,1217.8867
551,8,1539.6252
487,2,1457.8854
876,3,3162.871
18,8,859.61786
602,6,1317.7871
486,1,728.9466
537,4,334.33447
902,7,5197.652
334,8,3402.1562
800,3,3082.324
217,2,4820.182
798,7,1287.8949
1453,8,3078.305
323,1,1916.8718
379,2,647.75964
349,4,883.0426
59,0,505.28876
1333,9,3447.5469
1178,7,4900.3228
709,2,1916.3857
788,9,4431.3994
1235,4,647.3949
685,1,4867.0815
552,6,1830.5134
303,3,2330.6812
82,3,844.3392
465,2,2218.5142
492,5,5116.952
66,3,754.8976
1512,2,2017.3936
77,9,2647.3867
34,9,2069.9363
909,6,1118.2417
640,2,1185.0028
235,5,5535.5586
1213,6,6221.3013
1184,7,1816.9562
363,5,5148.2593
1256,6,1588.2399
807,2,3583.2468
367,6,2831.6362
1319,5,2883.479
173,1,1947.9019
726,8,994.71967
377,1,2990.866
315,3,1088.3063
716,8,5705.989
859,9,941.8595
899,9,1801.7827
499,5,1537.0833
124,9,3850.9258
1063,6,3990.4045
1258,1,2936.9343
487,6,1082.2123
884,7,840.3067
944,1,2151.7715
82,6,965.71765
955,0,255.00584
73,7,1654.595
1302,7,1751.6222
980,5,2578.1475
1523,7,1237.3909
1037,5,6296.4517
649,6,1409.1995
1219,5,1326.8881
429,4,138.26001
503,7,1490.1599
894,6,1533.2732
251,9,3147.7253
925,9,3056.2307
403,7,5277.5654
1249,7,1118.5377
536,1,1906.836
81,8,2173.432
30,0,407.9255
1315,1,1393.7169
1470,9,764.0745
345,4,123.0545
935,6,1262.7538
1324,2,2656.5315
1505,0,793.2968
459,2,1644.3185
1041,1,2535.6484
1495,5,3561.8406
330,5,4432.87
252,7,1675.7941
48,2,750.88965
1547,4,216.23022
1183,2,3789.737
597,1,1114.4176
1241,9,4973.64
1321,0,161.28758
249,6,1636.26
596,1,2734.8193
937,0,382.3467
1471,8,852.5427
115,4,103.6925
1466,9,2282.4739
1307,3,680.35913
1171,6,786.4881
197,2,2964.0752
771,1,1607.8545
1006,4,293.09436
461,6,1465.7837
713,6,2151.3547
1503,7,2078.9177
1095,8,854.5748
433,0,282.05075
751,9,1418.504
57,6,896.7155
800,8,3584.5122
442,0,291.6235
1028,8,1159.805
16,8,839.23865
1343,9,1748.8986
380,0,1099.2365
1147,8,1514.8157
1531,6,2816.0671
655,1,3998.9878
1485,0,491.82114
452,7,4156.784
1537,3,2624.2905
1190,8,2384.195
289,2,2365.6843
350,7,760.01825
1039,8,1424.5776
366,6,2373.2927
1217,9,1019.9817
1363,7,970.0758
624,5,3629.5317
1264,3,1558.8868
1143,7,1944.3645
633,9,3297.9636
344,3,1045.3545
1078,7,1261.5342
1298,8,1423.9225
207,0,769.3573
384,8,1252.3274
1082,2,2202.7295
386,7,3069.4846
1466,4,545.63525
3,8,2152.522
340,1,3562.6064
1012,9,2954.4004
207,9,2563.501
682,9,1626.5702
901,1,2384.5955
1405,1,2453.4995
1386,9,3216.2788
614,8,1614.4291
440,3,1053.0272
759,8,2406.4673
398,4,414.8444
187,7,4590.427
1141,9,3709.616
530,7,2501.1177
11,7,3310.7673
790,6,2415.9363
1498,7,1169.5573
434,9,5410.996
1197,3,5537.635
122,0,250.72664
412,9,2631.7527
1335,8,2296.6965
481,6,4941.691
169,3,2169.1572
680,1,3626.8667
953,0,172.31868
845,6,4752.6045
182,2,3673.2751
667,2,2277.406
1469,6,709.8065
306,8,1547.0602
483,3,3324.3008
923,1,3344.2292
11,5,4573.6934
949,8,1890.6583
1140,7,1288.1034
184,3,1343.3899
943,5,4241.975
819,9,2127.5178
1394,3,1667.6476
381,8,3309.8113
1346,6,3842.0771
562,9,3550.1538
174,5,5508.116
918,7,450.17123
243,2,1746.4426
282,8,773.70764
1482,8,4597.143
78,0,606.4275
571,6,1032.6599
648,9,3227.803
767,6,1019.2361
1,8,1985.3047
1361,9,2756.4963
324,7,2749.0283
732,9,1821.248
818,3,1174.5771
177,4,462.34363
588,2,1850.1991
1058,0,423.49286
917,5,5256.9155
1290,6,2030.7927
710,8,1501.7549
296,4,230.41566
1053,6,3654.4746
1521,4,457.56897
1354,5,2458.2483
1316,9,4141.463
732,7,1948.5582
445,7,2750.5652
493,5,5452.5464
1119,6,885.1317
1189,8,3500.8052
675,3,2323.566
507,7,1805.9569
1100,4,268.3611
1119,2,704.596
327,5,3885.8335
964,8,2291.0479
493,1,3675.0598
1084,6,4368.4277
880,5,2824.3103
1530,1,3162.1987
110,6,3869.183
251,5,7092.5117
649,0,232.97937
746,8,4660.1016
772,8,2977.981
165,4,437.1761
566,4,177.46527
1338,8,5775.704
410,7,483.44656
1079,3,1984.6545
294,3,533.9622
803,9,3781.5522
251,6,3564.9756
1027,6,1665.8322
561,8,3252.8962
713,1,2368.1614
665,2,2465.77
1520,5,3775.366
493,6,4177.738
249,5,2198.4417
1478,8,2091.3203
1418,9,696.01416
1050,0,389.50238
430,2,4049.6733
1544,5,4082.2395
642,7,1528.1237
1430,8,2619.5542
548,8,2407.4746
639,7,3078.4775
659,1,1651.3983
645,3,1173.5836
1158,9,1645.5775
756,7,3984.5444
698,7,2873.9856
253,1,1446.4984
711,7,946.811
1153,6,2734.3684
1033,9,2671.8594
432,9,1168.9664
1331,1,3123.3809
699,8,2262.973
151,5,6528.261
260,2,2366.085
1432,8,1551.4594
608,9,2474.7178
1371,1,457.55612
641,2,3014.22
250,0,267.34116
385,8,1858.4603
803,7,3231.4263
456,0,284.62628
777,8,647.13367
1452,5,4805.376
540,5,4492.548
1305,9,1781.4441
353,1,1089.1514
481,9,4967.0483
563,3,690.9592
736,5,4902.1685
383,2,2621.165
1507,2,1579.2285
386,6,2363.7664
911,0,606.6386
1257,0,232.6031
582,3,1434.4559
1395,6,3027.7612
1151,9,2377.4133
769,9,4154.058
111,7,427.74854
341,1,2593.9937
39,6,2838.5962
566,0,99.76735
509,5,2983.1003
1249,3,1222.9985
876,1,3585.736
187,9,3727.6802
1527,8,2511.7515
226,5,2161.752
292,2,3059.7734
1516,7,1474.5474
1553,3,1831.4655
795,1,800.66986
1022,2,816.5568
272,9,1179.9856
1064,0,1161.2885
1437,4,165.20859
83,7,887.442
783,9,3227.3472
337,8,1676.2462
1139,7,1339.7346
631,2,888.2895
1337,4,248.87683
238,2,3308.869
717,8,1236.8597
1060,5,2774.4421
212,1,1711.0483
1051,3,656.28174
484,3,2906.0046
852,2,1766.8674
1068,9,2681.995
345,9,896.5035
603,8,1618.9542
1498,0,159.4274
97,0,651.8782
1111,9,3763.1768
39,4,335.16373
1521,9,2623.5427
741,6,644.26276
873,3,1872.4347
1441,6,1127.178
1434,6,3105.1653
441,7,2633.3262
509,2,1831.3119
399,9,477.74213
176,0,90.22594
502,7,1962.1792
973,0,162.34111
579,7,1538.4042
853,2,546.0023
1084,2,3638.5032
140,0,416.3563
61,0,742.61615
155,6,2139.3174
1007,1,1445.8953
559,7,4796.7764
931,8,3138.5737
1461,7,1895.5729
279,7,3299.0693
1402,1,1437.0569
1537,7,2982.4548
1028,5,2540.4292
1558,2,3717.5518
219,1,757.4169
11,8,3028.0854
1195,1,1138.795
653,6,2763.6567
70,8,1013.7365
1022,8,908.4385
1449,9,4689.2173
1010,0,321.1614
1348,7,2116.4263
1226,6,2143.4404
363,8,2007.0306
784,3,1087.8977
712,0,187.01944
96,3,2253.2537
1200,8,2246.9473
1495,2,2082.832
1511,7,2301.65
620,5,1522.8696
7,3,362.65045
632,1,2386.465
947,9,3701.2937
1422,0,244.5248
587,8,4094.714
589,2,2464.817
198,3,3715.2012
588,4,377.6914
1174,4,174.82222
529,9,1971.7362
1522,8,3339.2168
1540,1,2740.7969
29,3,1281.6523
164,7,3522.4053
1307,0,85.92401
337,6,1490.5906
120,5,1435.3798
1171,8,897.28015
391,3,2000.7197
651,6,1941.9606
751,5,2287.8188
1191,8,3912.0728
311,0,42.471863
984,3,2129.78
1254,3,3963.5283
1348,2,3423.496
920,5,707.74475
1505,7,3359.4414
912,7,2597.3923
1416,2,1852.9353
562,8,3951.5588
192,2,3859.2778
94,6,999.01666
937,5,3338.5774
664,1,2319.1582
737,1,3310.5105
629,4,246.5752
1332,8,1559.9055
1440,7,2081.1099
1333,8,2417.9446
1060,1,1831.0183
1377,6,758.7852
90,5,4071.0156
138,1,1288.7029
1079,0,214.14949
1458,6,1996.1536
1419,4,101.15808
1167,5,3511.0752
1149,6,3942.378
464,5,2362.7405
189,6,782.55896
1285,0,176.64026
990,1,2383.1682
563,0,177.87492
849,3,701.6138
1455,6,2383.4739
891,4,174.97684
321,7,3173.8843
984,8,2586.1426
418,7,1521.3804
711,0,258.6939
630,4,690.9976
1000,2,2818.3208
1046,3,2751.4219
924,5,1718.3308
1148,7,725.39453
1504,5,3215.9077
1510,9,2799.501
930,6,5826.028
1445,5,2711.5247
1259,2,3183.953
250,6,2254.2778
974,6,780.17755
904,7,1800.3844
694,9,2542.1926
1516,3,1552.6688
756,6,4548.7065
514,8,4470.0127
432,7,1135.649
1508,1,2833.8987
715,0,765.8527
947,5,6893.5938
286,0,1023.0896
157,1,4262.5806
1486,4,259.70312
738,4,266.92883
797,9,3329.7275
577,0,293.06665
543,1,2480.2065
1105,3,2146.902
1290,3,1903.8954
803,3,4288.6904
605,8,1180.1198
29,0,13.540738
801,5,2829.7043
1282,8,1870.5897
906,9,2928.9604
700,7,985.74384
1494,1,606.2306
1007,5,2895.1262
329,8,1682.565
907,4,279.73624
948,5,2586.1953
1216,7,1640.2035
263,6,1298.1079
53,0,481.9401
1556,3,4287.669
1391,7,1084.1915
1511,3,2435.5188
109,6,1439.7091
898,3,1641.0536
1026,4,335.92642
1327,3,4010.8132
909,1,794.1202
1425,8,420.94116
260,8,1902.8491
662,8,2540.1382
1338,1,4709.207
791,8,632.2325
239,1,3859.2231
1238,1,3166.4739
92,9,3615.3933
271,6,2656.0967
17,0,64.365105
1061,2,2425.9302
296,8,1175.7825
820,9,3344.1946
1172,4,377.7447
807,7,3827.535
130,5,3333.166
1478,3,2046.027
1191,6,2883.5159
1299,7,2907.5845
1304,9,2891.3276
1440,8,2137.712
1316,4,588.8383
365,3,1964.1254
206,2,2022.2747
1340,9,2891.4631
989,6,906.63385
914,5,4437.1523
1503,6,3066.2935
540,1,3451.1257
614,9,1402.1265
468,6,3394.4678
668,3,1027.96
278,2,2673.749
742,2,3848.4211
210,5,6210.083
15,7,2182.8425
1328,3,1831.5278
515,9,1235.4098
613,7,572.87756
1327,5,6082.039
1415,6,1946.6497
1084,1,4352.5947
469,1,2031.7213
1059,7,2231.9558
1056,8,1210.5397
1378,4,354.90808
765,7,1393.0347
974,7,557.4711
947,0,834.62286
486,6,791.8415
685,8,3178.5964
1071,6,1115.5314
680,9,2178.8757
133,5,4468.5312
46,9,1875.5576
760,4,90.65375
1532,5,4160.5366
569,3,1198.1866
1244,9,1335.39
908,3,3377.495
1477,3,2674.7405
1480,6,1511.5977
1041,8,1980.2192
32,2,1354.0245
690,1,2519.4043
557,1,3258.361
1147,3,1337.465
1091,8,2042.0328
1138,3,3138.905
119,4,146.43742
1007,2,1859.6906
1213,8,5113.308
655,7,3121.6843
1510,0,500.3551
464,7,1610.1284
411,3,916.0878
1284,7,2846.9336
878,9,3578.1418
743,6,4246.173
171,1,2641.2751
140,3,3418.1829
1189,0,1434.0222
1182,6,1311.9664
1337,2,1711.3325
1470,4,155.18018
1438,1,2773.442
1318,4,297.9259
150,6,2389.8591
685,5,6479.0986
437,8,1560.4581
1198,2,3314.155
1434,7,2976.756
220,8,2856.3455
431,9,901.21094
1175,5,1686.3862
780,4,330.6617
743,1,3862.7083
1323,3,415.83237
1173,5,4157.9487
1198,7,3619.5894
1507,9,2193.9238
1495,9,2460.5815
532,8,650.4408
843,1,2241.5623
657,1,2231.6907
510,9,1712.4485
1222,5,4232.391
785,2,2843.3428
1176,5,1774.6879
577,8,2135.119
289,9,2719.8008
897,3,2441.4685
494,9,1711.8851
529,7,1928.5526
321,1,2482.82
102,1,1222.7661
275,9,521.61804
349,8,3883.5942
1156,6,2599.206
124,3,2530.9016
418,1,1538.0719
229,8,2177.2812
1031,7,2391.9424
61,2,2352.512
485,1,2932.8967
975,4,447.0673
393,4,101.884094
824,9,953.6039
1304,2,1174.8186
323,8,1817.534
1436,8,1510.0482
1225,1,496.24704
958,2,1472.1271
437,0,398.2455
290,7,2149.144
1389,1,6236.135
545,1,1035.7604
674,2,1628.2745
1393,0,189.64786
12,9,1470.9473
955,2,2156.0354
306,5,3223.1145
1295,3,1178.3578
1548,0,313.5813
586,9,1538.6729
580,2,1807.9901
277,6,1636.5599
850,2,4056.979
1180,2,3526.617
988,7,1427.4148
668,1,848.30853
457,1,2837.7913
331,0,136.30893
1116,2,3433.0166
814,9,2188.4395
1042,5,1890.8917
1019,0,395.6284
1178,0,769.4894
1388,5,6853.2876
42,2,854.2853
1119,8,702.39343
381,7,3868.0269
1136,0,163.20502
163,9,1398.4884
443,3,2271.3672
225,0,160.09322
944,4,290.28857
899,0,284.67743
1499,8,1709.6956
318,9,1336.3429
595,6,833.0216
269,9,1608.5472
1239,9,1392.1979
1028,7,1057.2511
824,7,694.6983
208,9,803.84393
1475,7,2520.452
732,3,1439.2319
466,7,1870.4308
652,5,962.4242
179,2,3898.768
1011,2,3953.4392
455,6,1188.8074
417,4,71.636444
926,9,3823.9646
120,7,644.5884
955,3,1800.8801
506,2,1102.6633
48,5,1321.2766
1371,9,1016.85297
195,7,2022.65
643,6,1645.4984
307,3,1880.8308
842,4,392.53552
1062,0,26.743525
618,9,1051.4523
1003,3,1799.3849
1223,2,1964.2751
1371,0,108.47789
842,6,2101.849
376,1,1585.3499
527,8,1648.5424
756,9,5179.268
403,8,4954.752
422,5,5456.9756
1523,8,1315.4861
76,2,1174.0399
845,2,3981.599
766,6,3665.7585
403,6,4475.3643
101,2,504.56064
1205,5,2548.088
191,8,2758.4702
659,4,320.86697
1303,6,671.22095
1144,1,2545.6416
1245,7,3787.4736
45,9,4724.6235
118,4,123.50848
597,6,1347.6576
1449,6,4235.3975
919,4,331.5758
523,6,3151.239
381,3,2505.567
168,6,3075.6113
1437,2,816.4012
1238,7,3157.8005
1457,1,3214.0813
771,0,482.65286
599,5,3764.2131
3,6,2079.8123
529,8,1836.8644
707,3,2402.1213
697,3,3558.243
188,6,2771.006
357,7,1683.2272
152,1,1676.9038
1351,2,2491.2615
1247,0,110.07271
1022,9,687.0514
682,1,1571.3811
1013,2,2234.5938
47,1,1508.6393
869,6,3847.2515
901,8,1985.1694
930,1,5208.741
1131,5,5745.8115
550,8,1748.0963
0,9,2107.738
1194,2,867.7883
1506,1,3226.875
293,1,3493.8198
828,3,2370.237
1449,7,3875.573
757,7,3028.0605
1515,4,502.4482
664,3,2510.002
1228,3,3793.5957
1237,9,2143.4497
1388,1,4929.1777
1354,8,1855.1678
947,8,5076.1587
1059,9,2728.652
1237,6,2280.7637
670,1,1750.607
879,4,109.10107
1261,7,1968.9518
307,8,1995.3733
508,6,695.4421
969,0,531.8
169,5,4035.2197
1527,6,2839.4387
1293,2,533.78015
769,4,351.57373
342,9,2531.2417
222,6,2632.998
429,1,750.3181
471,1,1388.9337
393,7,1711.5889
641,4,204.83417
200,1,1523.7456
1478,4,363.39142
95,7,984.2692
711,4,203.67174
167,8,2601.8987
1150,9,578.66473
1112,7,3977.4329
435,3,586.8125
186,4,335.71478
368,4,433.796
343,8,920.26166
1501,8,1923.1381
1440,6,2176.319
669,5,1728.6018
999,9,1135.4755
1389,2,3664.1145
971,2,2637.627
373,9,1809.6904
864,9,2441.7734
525,1,2078.4553
69,6,1314.4084
813,8,4325.257
105,6,2587.5588
737,8,3864.0447
825,5,2735.3003
1058,7,1536.5302
927,9,3742.435
522,5,2682.3774
443,8,2833.2114
1078,5,2197.817
613,9,667.5601
1090,2,3046.44
605,9,1364.1112
332,8,1860.3031
1145,9,3626.1365
765,2,1404.0989
1162,7,4251.3286
807,9,2809.4558
572,5,4182.8213
1187,7,5769.6504
780,2,1708.1104
677,9,2447.3562
741,2,487.47177
860,1,3102.5076
1254,0,435.0475
598,3,2295.1846
1223,6,1915.6417
564,1,2126.406
119,5,2366.573
832,1,2427.9514
793,6,4585.8066
314,1,3645.1753
1474,8,436.8083
463,7,936.0155
466,4,302.78177
832,0,244.86288
526,6,2049.5913
1097,6,1394.1257
792,3,1751.7201
757,1,2955.483
319,5,4209.7485
268,7,1380.5114
181,4,759.4058
491,3,3525.3684
1509,1,1250.9003
843,7,2258.7366
449,2,1470.0426
773,4,321.31158
882,3,1175.0002
652,7,720.2094
531,3,2962.28
75,2,1011.93567
12,2,1790.4402
31,1,1520.0819
1529,9,2077.485
828,2,2483.682
140,7,3932.3677
15,4,343.81027
809,5,1140.2988
591,1,1664.6675
638,6,2155.585
1420,1,4156.8926
304,6,1823.6807
351,9,1159.8972
1492,4,475.18927
524,3,524.7069
326,8,4583.579
1222,7,3138.597
143,8,1808.7216
566,9,1276.6616
353,9,1066.2006
452,1,3194.883
86,1,1413.3832
88,8,3530.0493
14,9,2580.6182
880,4,304.29047
472,3,2770.8708
1227,3,1895.9838
1535,5,4572.777
1429,4,467.54782
391,1,2486.482
489,6,1890.4341
98,9,2385.3406
214,8,1401.1221
1184,5,3356.1206
114,2,2221.6123
1203,6,3551.385
403,1,4173.475
351,3,907.2552
140,5,6583.105
691,0,68.26008
584,8,1870.6162
864,1,2669.096
23,6,745.00726
802,5,1109.6942
600,9,3068.7593
610,7,605.0951
598,9,2484.846
1413,8,596.84534
699,6,2643.2212
218,7,2666.2925
492,6,3157.4216
505,6,1538.5845
444,3,1668.3202
796,1,2418.0037
943,8,2744.1592
273,7,2188.562
365,8,2609.6174
804,2,3984.644
1401,2,2507.8252
904,6,2224.2039
483,9,4313.4126
1311,7,3015.894
1243,0,687.1288
830,4,267.05618
765,3,1136.1409
1112,4,404.6962
220,2,2561.842
635,3,2038.8007
1057,1,5172.4814
1487,3,2389.2222
692,9,4476.5264
929,6,3721.6614
297,9,3471.7659
1127,2,4399.711
468,1,2579.569
75,8,1018.36743
1377,9,664.01465
1109,7,3144.2466
369,4,192.62035
446,4,288.7351
508,9,644.46356
995,2,1588.1874
113,3,3956.552
356,7,596.0939
506,6,1138.9575
73,6,1593.9971
563,9,840.791
686,7,1154.2184
976,2,2584.6248
1489,5,5072.062
898,5,2469.0698
555,2,758.02594
44,1,3920.3333
681,0,402.0775
1406,7,2607.277
317,6,1583.1633
626,7,1616.7279
696,3,1023.8659
995,1,1680.6516
1269,3,3688.9377
1431,9,1660.6985
484,8,3138.0703
1228,8,4213.4194
1055,8,1652.5664
1030,7,664.1391
1232,6,1701.4445
703,0,805.39197
1098,1,483.798
1110,7,3093.9263
951,4,154.68942
1482,7,3339.5166
1289,2,1835.0746
160,2,4471.7065
814,8,2198.7998
1312,9,1815.7432
306,2,1651.1749
1441,2,834.56055
857,6,3623.3743
124,1,3564.18
857,4,649.4953
1131,0,602.1138
1034,5,4138.228
808,5,3698.5696
137,7,1827.0114
222,0,441.8604
654,0,267.40015
1074,7,3565.8765
530,4,596.85175
646,8,986.10535
1074,6,4488.814
1205,9,1726.4766
1308,5,5383.249
693,7,827.2386
795,0,137.97272
1533,3,2463.2441
342,8,1996.8204
1477,5,5523.1367
1451,5,1831.2084
1134,2,4342.8574
471,6,1606.9816
270,5,3593.7224
242,1,1537.391
533,7,2961.0127
1024,0,118.16346
1126,5,5210.5034
606,4,242.42494
4,8,2611.7722
393,5,2743.9514
945,9,2747.4844
1356,6,1002.24255
945,3,2250.5095
499,8,831.0483
11,4,476.55038
1549,2,1512.2374
540,9,4573.3276
1125,2,3747.7842
322,6,1723.2944
1364,9,1693.816
33,2,2958.043
1062,8,1436.3807
1200,2,2289.3162
1045,1,2541.6882
359,4,606.5768
172,6,3003.6047
878,5,6172.7617
1005,1,2614.6426
492,0,324.61737
461,8,1614.412
1226,1,1742.208
904,1,2208.3882
329,2,1685.1619
164,9,3996.34
1026,8,2393.7285
609,4,281.20718
688,1,2131.428
1355,2,2162.3516
715,7,2888.1956
1161,3,2087.9595
937,4,299.4866
287,9,1415.2561
1532,1,3174.348
1332,3,1627.736
1512,9,2612.6047
1481,6,2044.4835
259,7,1831.7002
348,8,1928.0524
62,4,797.63354
261,9,3579.2195
445,4,484.9023
1049,5,3796.9858
1378,7,1995.1353
1547,6,2077.4734
463,1,1028.7797
1297,3,665.6577
496,8,1235.513
24,5,6089.9707
657,6,2101.7239
703,5,6864.518
1168,8,3155.23
1135,7,1064.9071
1117,2,1768.6985
442,5,3114.927
1535,2,3499.6882
290,5,3333.458
66,4,133.32372
36,3,3988.82
197,1,3319.86
454,1,2285.9768
1377,3,584.91406
309,8,2567.5476
1498,5,2203.5808
375,5,5722.001
75,7,1055.6028
51,6,2980.6562
1546,4,514.142
450,2,1914.8636
1353,5,2884.449
460,5,3194.905
1221,3,959.6257
551,2,2028.4617
50,3,1078.6582
1402,5,2650.0854
1275,6,3389.7397
1550,6,2760.5613
1006,9,1954.122
1283,5,1815.3427
742,1,3990.6538
367,8,2754.9946
1406,9,3244.7974
127,3,447.3675
436,8,1843.3485
277,3,1215.6775
339,3,953.15845
81,1,2651.0012
1472,1,2939.4153
734,6,978.5968
1521,7,2846.7522
1144,2,1542.3108
1373,7,1667.0983
1435,0,111.79261
1341,8,1674.6517
952,5,2864.921
62,8,5742.518
1154,0,307.13574
58,9,3827.7178
997,9,1300.5758
548,9,2323.2126
45,5,5774.3945
264,6,1717.7305
742,8,3341.082
1236,5,1314.8652
1184,4,384.72946
63,6,2780.9797
689,7,3398.7915
1067,9,2136.7356
1136,3,1231.9122
726,2,623.0121
536,5,4347.495
1540,0,371.76477
328,3,2506.5369
935,0,197.20677
812,8,775.17065
339,8,785.3323
224,1,3419.5737
1327,6,2725.0986
1376,3,2994.782
946,4,166.52054
273,9,2189.573
521,9,1766.2764
1262,2,2636.2532
1025,5,4621.672
830,0,262.53763
478,3,5547.354
386,3,3540.6099
1282,4,322.992
1368,5,5258.413
1130,2,3346.1296
611,7,1674.0836
1309,6,421.62296
89,9,1655.5748
330,1,2523.0923
1182,4,201.96494
1425,7,415.2819
1475,2,2811.857
126,2,3173.282
709,0,189.15256
518,5,3328.9805
1531,1,3648.0686
429,9,568.94934
312,7,1813.165
723,2,3635.9348
276,4,168.52104
880,3,1247.727
225,6,3773.319
1028,4,252.76828
209,1,3088.5671
171,6,2490.5205
685,3,4203.495
718,4,499.23105
210,9,2660.157
94,8,1122.006
459,5,2599.0442
475,7,4264.139
983,3,218.83302
283,9,2436.884
284,8,1429.492
672,0,382.6989
180,3,2843.5283
649,8,1206.855
363,0,618.6481
893,3,1385.219
1390,1,2850.3052
1235,7,3814.7646
691,1,2243.2478
533,9,2451.7297
408,4,731.72107
1245,6,4797.158
1436,1,2112.3108
966,6,2009.5687
1097,9,1413.4413
1372,3,4017.142
179,8,1619.2872
1111,3,4419.3306
1201,2,2761.557
798,2,1480.1624
622,9,2766.659
437,3,1552.7122
1462,6,1842.1199
943,6,2965.1404
1495,3,1785.2571
94,0,171.06026
1460,8,3234.269
1409,9,1577.6926
136,5,2876.2634
989,3,970.2051
1200,5,4594.8906
421,6,2579.9656
119,3,417.42865
1283,9,835.9871
559,9,5711.966
724,7,736.9643
919,1,2496.3047
1093,5,2702.8103
821,6,2154.3271
387,1,2717.5017
176,3,1076.9187
1497,3,2821.749
1215,6,2799.3882
763,5,2783.4272
1463,7,4269.861
1288,2,2570.9194
819,3,2230.6116
418,8,1550.2947
776,8,2826.8833
619,7,1922.762
1256,3,1157.2241
48,6,852.08905
380,2,5270.612
1110,6,2798.2942
1184,9,3211.0137
401,1,2847.31
189,2,780.4757
608,4,282.2884
1140,8,1184.5582
1465,1,3283.398
455,7,1173.6732
1010,6,2384.5054
966,0,263.60553
546,7,1287.2229
656,9,2551.5818
349,1,3264.7131
479,9,989.7079
646,9,1033.0128
1514,9,1349.1381
952,1,1933.8562
1215,1,2225.656
962,2,758.15924
1064,3,3178.7551
970,1,1909.1284
1405,5,5771.0103
502,3,1580.1963
298,8,2083.8572
1105,5,3357.6985
959,5,3358.0632
709,1,1801.6382
1456,3,1434.6533
1519,1,2654.5413
478,0,1499.8535
1339,0,31.317238
950,9,1244.0009
1327,2,2961.7375
1397,6,739.7023
218,2,3213.5098
206,8,2682.0596
275,8,593.0873
1345,1,1197.2102
162,0,262.17606
61,1,2898.894
1033,1,2256.163
1326,4,274.28314
417,7,558.72644
986,3,1843.0294
161,9,2922.838
1194,8,1029.1631
516,7,4023.4658
1522,3,3226.329
576,3,3087.2996
383,8,3099.6316
768,9,2516.996
984,5,4092.79
635,2,3052.3982
1385,8,5003.4194
516,4,810.7921
488,3,2708.0464
114,8,2222.9229
138,3,824.1868
149,4,228.39044
1434,1,3097.7844
704,7,2178.8684
1099,7,3453.6748
1511,1,2990.6921
330,8,2728.5679
1274,3,2336.216
46,2,2376.885
194,1,3307.108
753,5,6616.124
748,8,3942.3708
1485,3,2979.3862
900,3,394.59277
157,2,3880.474
664,6,3094.6777
358,5,7101.493
58,3,2858.8662
1080,3,1470.3698
973,2,942.00684
1067,8,2089.6052
201,7,5648.758
1354,9,1470.9524
1492,3,2640.5454
402,3,3963.3406
752,2,2856.0625
806,5,3683.2004
611,5,3681.703
1113,5,4825.5996
895,1,1824.9271
1514,6,1182.9192
293,3,2560.974
147,7,2460.8862
890,3,2398.3848
624,1,1865.6147
1516,5,3352.7053
1485,8,3121.7937
687,3,1738.0907
112,8,2152.9265
1326,8,1654.5817
1412,2,1849.2107
506,5,1522.4542
1349,9,939.3789
1378,9,2669.8992
788,4,474.82242
1200,9,2616.324
849,9,805.0906
541,9,3044.201
142,7,593.20966
557,5,4886.355
65,7,998.2902
242,0,230.4783
292,1,3486.7974
755,7,1585.8215
711,6,1314.8495
816,1,2122.2363
1142,5,4444.8955
261,5,5259.8896
1011,8,5406.9546
608,1,2763.4275
108,9,4546.8545
554,1,2506.5242
59,5,5456.867
554,2,3262.4363
71,3,934.78375
14,3,3668.8452
27,5,981.9829
377,8,2315.472
1232,8,1261.1411
264,0,167.59889
672,5,5445.892
692,2,4918.3496
145,9,562.82025
1338,9,5495.876
385,3,1391.232
116,8,780.9444
1104,9,1177.4524
233,8,2615.8467
308,3,2422.6462
1426,7,1743.0471
521,2,3206.366
997,7,1712.7157
